text_chunk,embedding
"Introduction
wireshark powerful network protocol analyzer allows user capture interactively browse traffic running computer network. lua lightweight, high-level programming language known simplicity speed. combining two allows developer create custom dissectorsâ€”modules interpret display specific protocol data.","[ 5.62357774e-04  5.03895730e-02  6.99634431e-03  4.48913925e-04
  4.68739495e-02 -3.41141783e-02  2.31553875e-02  3.86450775e-02
 -1.51894838e-02 -3.12108044e-02  1.19023426e-02 -5.03077265e-03
 -7.85568077e-03 -1.70716739e-04 -1.36868404e-02  2.94585340e-02
  7.09887296e-02 -8.25353153e-03  3.84192467e-02 -2.06150990e-02
 -7.93717150e-03 -3.18479799e-02 -6.29581884e-03 -9.31637827e-03
 -2.73437463e-02  6.26377296e-03  1.92358736e-02  4.36331406e-02
  5.60345035e-03 -7.97478557e-02  2.37764250e-02 -5.88185340e-03
 -2.81189159e-02  3.20084617e-02 -4.28218171e-02  5.13828709e-04
  3.37819159e-02 -1.60935950e-02  1.42740356e-02 -1.13686454e-02
  4.20730002e-02  2.52091270e-02  1.51138445e-02  2.83277705e-02
 -1.00219697e-02 -3.14329863e-02 -1.74503215e-02 -2.35787965e-03
 -2.28400677e-02 -4.89930958e-02  3.02307447e-03  2.04604212e-02
 -2.20629126e-02  3.73317786e-02  3.76344323e-02 -4.16826382e-02
 -5.56967817e-02  1.39160650e-02  4.17704396e-02  2.56160721e-02
 -6.54269308e-02  1.12959715e-02 -1.49795450e-02 -2.80256267e-03
 -1.50881810e-02  1.00225974e-02  1.59097444e-02  4.87770848e-02
 -8.08392186e-03  2.47105267e-02 -8.21639076e-02  4.37914915e-02
 -7.65267387e-02  3.85892898e-04 -1.10925073e-02  3.24798794e-03
 -1.60256829e-02  2.92195249e-02 -1.08341668e-02 -1.94402803e-02
 -2.31008418e-02 -1.34042585e-02  2.57469388e-03  4.66262028e-02
  3.81708257e-02  1.59346834e-02 -5.66957891e-02 -5.09339236e-02
 -2.58207638e-02 -1.25895636e-02 -4.00891341e-02  5.08062169e-02
 -1.83060691e-02 -1.66603364e-02 -5.57527095e-02  3.61766033e-02
 -9.69872810e-03 -2.31505837e-02 -2.58518104e-02  7.50507653e-01
  4.19915840e-03 -6.62474334e-03  3.76669653e-02 -7.63422474e-02
 -3.35302427e-02 -8.41934327e-03  4.24140170e-02 -1.99670959e-02
  2.84872781e-02  1.76798981e-02 -2.41510291e-03 -1.67126618e-02
  2.04195380e-02 -6.63816854e-02  6.19014492e-03  3.62935700e-02
 -5.81087321e-02  5.87934218e-02 -1.01744244e-03 -2.02600379e-03
 -1.82334688e-02 -3.57615799e-02 -3.83926602e-03 -2.69059907e-04
  6.34065568e-02 -1.70638353e-01  3.81500460e-02 -7.14721577e-33
  2.73360983e-02 -5.37689701e-02 -7.54571185e-02  1.44466721e-02
 -3.59397661e-03 -2.25497447e-02  1.24565303e-01 -2.62344349e-03
 -6.01351485e-02 -2.39859372e-02 -3.67483571e-02  7.59207550e-03
  5.30280992e-02 -1.83594730e-02  7.78541714e-03  3.70964333e-02
  2.40407567e-02 -7.66362995e-03  3.72065231e-04  2.46582329e-02
  3.01651061e-02 -1.81140155e-02  5.02961129e-02 -1.75496992e-02
  6.08462207e-02  1.77703165e-02 -1.31696621e-02 -1.01334043e-02
  1.22888954e-02 -4.29674275e-02 -4.69739139e-02  3.20578627e-02
  3.09346933e-02  1.71664841e-02  3.46949212e-02 -3.27898450e-02
 -1.67152584e-02 -2.79132668e-02  2.66007427e-02 -4.28217836e-02
 -5.22300936e-02 -1.18028354e-02 -3.27450670e-02 -2.34229118e-02
 -1.74123570e-02  2.53535956e-02 -2.77966820e-02 -3.01293656e-02
  2.08420027e-03  4.49070483e-02  1.44732054e-02 -4.16138582e-02
 -2.52432819e-03 -2.48742104e-02 -1.21640665e-02 -9.81010124e-03
 -7.07260938e-03 -8.15585547e-04  3.17261480e-02  5.16004488e-02
 -1.39455323e-03  4.02073897e-02 -3.36858220e-02  4.99120122e-03
  1.61164571e-02 -1.26705104e-02  7.66015658e-03  2.93103252e-02
 -1.35151120e-02  3.62552069e-02 -7.22383186e-02 -6.30020164e-03
 -3.05373035e-02 -6.35138853e-03  2.48573832e-02 -1.22732231e-02
  4.51857410e-03  1.59760493e-05  1.09695336e-02  4.85652760e-02
  1.96500737e-02 -9.70422011e-03  6.49703816e-02  2.42422801e-03
 -1.56520270e-02 -1.53164575e-02 -2.13757008e-02 -2.46679615e-02
  9.72003490e-03  6.35818839e-02  2.80550607e-02  4.24746703e-03
 -1.12344082e-02  1.28043182e-02 -9.68356058e-03  6.30057111e-33
  5.03188092e-03  6.39647990e-02 -1.52594596e-02  3.51621024e-02
 -3.43604088e-02 -1.08647486e-02  5.67967072e-02 -3.87249514e-03
 -2.98231877e-02  7.44751990e-02  5.45203015e-02 -2.65313014e-02
 -1.15235243e-02  5.38858958e-03  1.04385018e-01 -1.71911940e-02
 -2.22578254e-02  1.69095024e-02  4.27109227e-02 -2.70709023e-02
 -1.39933601e-02  6.54031476e-03  1.64234731e-03 -5.07302918e-02
  3.48601379e-02  6.25840854e-03  1.99913178e-02  7.46061699e-03
  2.60293651e-02 -4.02748175e-02 -2.92766914e-02 -3.20099323e-04
  1.48121295e-02 -2.01789737e-02  1.27979936e-02  3.98493782e-02
  7.69718830e-03  1.59816574e-02  1.43404566e-02  1.37143245e-03
  3.31171863e-02 -3.00992858e-02 -8.01167451e-03  7.75190517e-02
  3.33548896e-02 -3.68189029e-02 -2.32463516e-03 -6.54160790e-03
 -2.32030209e-02 -4.13443856e-02  3.60089242e-02  2.39533912e-02
 -1.70983793e-03 -1.80248655e-02 -1.00495992e-02  1.54746706e-02
  1.74966808e-02  2.68652122e-02  2.07126050e-05 -1.51131041e-02
  1.73007743e-03 -7.43499473e-02 -3.61086987e-02  2.05827318e-02
  4.86818375e-03  1.72600299e-02  2.04540938e-02 -1.85172912e-02
 -5.44802751e-04  1.80307805e-04  1.88025050e-02 -3.34821455e-02
 -4.48085591e-02  1.95499584e-02  3.64801735e-02 -2.70736553e-02
 -2.87355613e-02  1.52108204e-02 -2.84970552e-02  5.73422723e-02
  2.30888799e-02  5.21702953e-02 -1.19568631e-02 -3.93801816e-02
 -3.92960897e-03  3.57564399e-03 -5.01699969e-02  2.01898031e-02
  1.69766638e-02 -1.58215780e-02 -1.22353090e-02  2.29514996e-03
 -6.38625631e-03 -3.00593511e-03  6.22748258e-03 -1.21066366e-08
 -9.16511938e-02 -3.37419077e-03 -2.40632109e-02  2.84030987e-03
  4.44782935e-02  7.99864605e-02  1.44199794e-02 -3.11255315e-03
 -1.47144161e-02  2.25452520e-02  2.55031441e-03 -5.87339476e-02
 -2.33969092e-02 -3.72362090e-03  2.65958924e-02 -8.31372663e-03
 -3.15730758e-02 -3.20235901e-02  3.06802467e-02  4.65163067e-02
  6.64590821e-02  4.29312279e-03 -7.34983897e-03  4.30125482e-02
 -3.87273841e-02 -4.30200435e-02  2.21800469e-02 -2.99952086e-02
 -3.94213386e-02 -3.16540822e-02 -2.15966552e-02 -1.22724511e-02
  5.37547376e-03 -7.04917731e-03 -5.13220355e-02 -2.57683382e-03
 -7.66352713e-02 -2.19416190e-02  3.37232351e-02  3.46397422e-02
 -7.87886605e-02  1.29891690e-02  3.47399595e-03 -3.71606946e-02
 -1.00428406e-02  2.77478211e-02  1.75369177e-02 -1.38143012e-02
 -1.01309707e-02 -3.78733277e-02  2.09936500e-02 -4.30204310e-02
  1.72663219e-02  7.31524173e-03 -1.32870534e-02 -4.02033255e-02
  5.26551083e-02 -1.06589876e-01 -2.12240256e-02  6.64918742e-04
  3.44210714e-02  4.37518861e-03 -2.70979442e-02  1.27972346e-02]"
"Setting Up Your Environment
start developing wireshark lua dissector, need set environment properly.

1. **install wireshark**: download latest version wireshark official website.
2. **install lua**: lua come pre-packaged wireshark. ensure version lua compatible wireshark installation.
3. **check lua version**: verify installed lua version using command line ensure compatibility.","[-7.31808022e-02 -2.94965436e-03 -7.38713716e-05  5.23267919e-03
 -5.75043401e-03 -5.17511740e-02 -4.34186384e-02  4.15192824e-03
 -5.33540845e-02  2.46197805e-02 -5.59578687e-02  3.87035124e-02
 -2.03491263e-02 -3.85448075e-04 -6.89320490e-02  4.70615290e-02
 -2.89585143e-02  3.44128050e-02  4.07687873e-02 -1.00915305e-01
 -1.59223303e-02  9.72027984e-03 -1.50709494e-03 -2.29043737e-02
 -1.62354708e-02 -1.28405010e-02 -1.58437081e-02 -1.18862195e-02
  4.90868464e-02  2.69067530e-02  5.00178933e-02  4.26992998e-02
  8.25305209e-02  3.13514248e-02 -6.15690202e-02  1.05119301e-02
  6.62529692e-02  5.34033850e-02 -7.25718886e-02 -2.98833605e-02
 -6.12933673e-02 -4.34534624e-02 -8.28760862e-03  1.74739654e-03
 -1.71243753e-02 -6.36615083e-02 -2.06055138e-02 -2.55669537e-03
  4.34035920e-02 -5.13661318e-02 -6.35419339e-02  1.96989961e-02
  1.08744614e-01 -4.11817245e-02  3.03953942e-02 -4.86790054e-02
 -2.58127525e-02  1.39199570e-03  2.19004648e-03 -3.54527012e-02
  1.64058376e-02  5.09880260e-02 -9.74982306e-02 -2.33706436e-03
  4.32968065e-02  1.27196405e-02 -7.80394720e-03  6.31140992e-02
  6.39486164e-02 -2.84269676e-02 -1.37845933e-01 -1.61382221e-02
 -3.34125832e-02  6.31684661e-02 -1.18158190e-02  1.05987582e-02
  2.54407395e-02 -6.70270761e-03 -2.00054180e-02 -7.13849887e-02
 -3.67957614e-02 -8.11387300e-02  4.86815870e-02  8.27838928e-02
 -2.99859270e-02  2.43131015e-02 -5.45409620e-02  4.49820831e-02
 -5.70319546e-03 -5.14361542e-03  4.98077087e-02 -2.72570141e-02
 -3.51300500e-02 -6.15208000e-02  5.54327108e-02  4.84958626e-02
 -1.28854113e-02 -4.66857255e-02  1.27671985e-02 -1.59349223e-03
  1.13984169e-02  1.56093910e-02  1.79652532e-04 -8.77003446e-02
 -8.64762291e-02 -5.42120971e-02  3.46079282e-02 -1.96471885e-02
  2.95152683e-02  1.43155158e-02  5.27553121e-03  1.33696189e-02
 -8.51074010e-02 -7.75647759e-02  2.93616634e-02 -5.55491671e-02
  7.16971532e-02 -3.61212599e-03  4.81945947e-02  4.16592173e-02
  3.80941853e-02 -8.84636957e-03 -7.41473660e-02  4.27745506e-02
  1.03881054e-01  8.56984481e-02 -6.34681955e-02  8.95509596e-33
  3.15795653e-02  9.05253664e-02 -2.49331556e-02  1.93086222e-01
 -3.20988037e-02 -5.25254980e-02  6.71941554e-03 -3.48961130e-02
 -6.71047345e-02  5.40703759e-02  2.00652909e-02  1.08042434e-01
 -4.25107516e-02  2.37377305e-02  2.41687875e-02 -1.14614405e-01
 -7.69368559e-02  3.02885845e-02  2.38692183e-02 -3.75190601e-02
 -4.34156768e-02 -1.57708544e-02  7.19849616e-02 -2.35001021e-03
  5.69834001e-02  8.59378092e-03  6.23358376e-02 -6.22871472e-03
  8.20180401e-02  3.75465415e-02 -5.93471602e-02  1.96170975e-02
 -1.29347369e-02  4.59133051e-02  7.46630691e-03 -4.44451235e-02
 -1.03736937e-01 -3.52125205e-02  2.55889092e-02 -5.12729771e-03
 -4.05285209e-02  1.82958134e-02  5.32975048e-02 -4.74032201e-02
  1.07706962e-02  4.23010886e-02 -4.63188216e-02 -2.24803318e-03
  1.63042545e-01  6.35504536e-03 -2.03815345e-02 -4.62766662e-02
 -5.96855842e-02  6.44241795e-02 -4.00786065e-02  1.21454597e-02
 -4.44196537e-03 -2.61408780e-02 -3.11737433e-02  9.46102068e-02
 -3.55792083e-02  1.11372784e-01 -7.17068911e-02 -1.89960822e-02
  2.40577515e-02  4.23191581e-03 -1.42798396e-02 -1.39315920e-02
  2.51355581e-02 -1.69638582e-02 -8.85202587e-02  3.01530976e-02
  3.91649548e-03 -6.93715364e-02  6.37513027e-02  4.32274770e-03
  1.44979553e-02  2.60960441e-02 -1.52193820e-02 -4.18768711e-02
 -6.11972483e-03 -5.46133704e-03  9.13844183e-02 -8.35787039e-03
 -5.47012910e-02 -5.35273226e-04 -2.48624664e-02  3.70456241e-02
  2.79612932e-03 -5.13878576e-02 -6.78100586e-02 -3.64759611e-03
 -3.95602733e-02  1.05149351e-01  6.43756390e-02 -9.07169839e-33
 -1.45539539e-02 -7.54159614e-02 -5.58115318e-02 -2.67217420e-02
  6.02836162e-02  3.01456228e-02 -9.60989483e-03  1.28648086e-02
  7.50891268e-02 -8.62183794e-02 -5.89988120e-02 -3.15252729e-02
  4.07274775e-02  8.21216479e-02  4.48578633e-02 -1.26314433e-02
 -1.16714207e-03  8.01953021e-03 -3.31171304e-02 -2.35885438e-02
 -4.23702411e-02  5.63905686e-02  5.81300026e-03 -1.57610342e-01
 -6.33883430e-03 -6.41860738e-02  3.16493921e-02  7.04836100e-02
 -8.26133117e-02 -1.05066329e-01 -8.74410048e-02  2.48850286e-02
 -2.31734365e-02  2.10605748e-03 -2.89541725e-02  1.21772163e-01
  4.31937501e-02  4.80963674e-04  2.50980295e-02 -5.70671186e-02
  5.34053147e-02  2.88746934e-02  4.88951430e-02 -2.57812329e-02
 -3.47940437e-02  3.68352327e-03  6.24853419e-03  8.95395800e-02
  1.71115007e-02  2.94007976e-02 -4.54043858e-02 -7.06717744e-02
 -1.05018052e-03 -9.13085341e-02 -5.39770499e-02  4.40432085e-03
  8.83925185e-02 -2.12363806e-02 -4.93741632e-02  5.54090589e-02
 -1.33457975e-02 -2.82971580e-02 -9.92040848e-04 -1.15623819e-02
  5.10142185e-02  3.48942801e-02 -4.82772477e-03  3.70572843e-02
 -8.34886432e-02 -9.02948808e-03  2.36803680e-05  3.54609676e-02
 -4.47280370e-02 -2.20633186e-02  4.35534306e-03  3.60621884e-02
  2.05201488e-02  5.14041260e-03  1.39622891e-04 -3.08262520e-02
  4.33138311e-02  4.82520424e-02 -1.93348210e-02 -6.89842319e-03
  1.11227028e-01  2.49251667e-02  1.08542312e-02  2.02094112e-02
 -5.17081842e-02 -1.21478979e-02 -7.17676580e-02 -7.29045307e-04
  1.77975204e-02  9.40896273e-02 -5.07369358e-03 -2.10854125e-08
 -7.93949142e-02 -5.39296716e-02  3.65698412e-02  7.87837058e-03
 -8.82517826e-03  6.17165258e-03  1.69589203e-02 -7.12791178e-03
 -4.24219780e-02 -8.55620299e-03  4.57064807e-02 -1.70546817e-04
  9.26684996e-04  4.68562543e-02 -1.92434259e-03  3.70751694e-02
  4.74753790e-02  5.27202860e-02 -9.70758945e-02 -4.78176065e-02
  7.81938434e-02 -4.86016609e-02  3.24138999e-02 -4.36022505e-02
  5.60908318e-02 -2.83710286e-03 -1.23315505e-04  7.05773532e-02
  9.55337882e-02 -5.40267825e-02 -4.12507477e-04  1.46841422e-01
  6.32224903e-02 -9.52652767e-02  3.30428742e-02  1.06297508e-01
 -1.08509347e-01 -4.08357531e-02  4.59497012e-02 -2.95792390e-02
 -9.24946219e-02  3.26933078e-02 -3.39081176e-02 -8.70711915e-03
  1.26882386e-03  5.32426056e-04 -9.93475616e-02 -2.91177835e-02
 -4.95485067e-02 -1.16844242e-02 -9.64774285e-03 -5.44115640e-02
  1.73624628e-03 -2.97333188e-02 -4.69281664e-03  5.08453846e-02
  1.78945512e-02 -2.28814259e-02  4.33494933e-02  5.48558161e-02
  6.51149675e-02  9.72005725e-02  2.65700724e-02  1.32670641e-01]"
"Writing Your First Lua Dissector
understanding basic structure lua dissector key getting started. here's simple example lua dissector hypothetical protocol:

```lua
-- simple wireshark lua dissector custom protocol
local my_proto = proto(""myproto"", ""my custom protocol"")

function my_proto.dissector(buffer, pinfo, tree)
pinfo.cols.protocol = my_proto.name
local length = buffer:len()

-- create display tree
local subtree = tree:add(my_proto, buffer(), ""my custom protocol data"")

-- add field tree
subtree:add(buffer(0, 1), ""field 1: "".. buffer(0, 1):uint())
subtree:add(buffer(1, 2), ""field 2: "".. buffer(1, 2):uint())
end

-- register dissector specific udp port
local udp_port = dissectortable.get(""udp.port"")
udp_port:add(1234, my_proto)
```","[-6.04083091e-02  6.35365844e-02 -6.04276871e-03  4.60082516e-02
  3.15416940e-02 -7.45577924e-03  8.45047757e-02  5.04760537e-03
 -3.54751125e-02  3.98039585e-03  2.04900689e-02  3.72394025e-02
 -5.07293344e-02 -4.35355529e-02 -8.94710496e-02 -1.42843043e-02
  5.77338934e-02 -5.33180684e-03  4.66727838e-02 -5.64923733e-02
  2.77345963e-02 -1.11662559e-01  3.29538733e-02  1.58525836e-02
 -1.18917516e-02  3.18495259e-02  1.61665417e-02  2.46104207e-02
 -2.56710090e-02 -2.51491857e-03  8.68596043e-03 -1.28576523e-02
 -2.63685584e-02 -2.34512798e-03 -2.78087370e-02 -6.21723197e-02
  6.99707642e-02 -4.42678258e-02  2.42395047e-02 -1.29505983e-02
 -6.94237137e-03 -3.06576043e-02 -4.16814983e-02  2.18981765e-02
 -6.08161800e-02 -5.05193770e-02  3.00324410e-02 -1.91090703e-02
  3.30886841e-02 -5.15606813e-02  4.70042340e-02  8.53030980e-02
 -2.37725526e-02  1.05434634e-01  5.48845865e-02 -1.16584197e-01
 -1.30963838e-02  6.09872537e-03  9.24185589e-02 -1.45773254e-02
 -8.20802972e-02  5.33616915e-02 -4.63926867e-02 -5.78931831e-02
 -5.21163046e-02 -1.32540287e-02  1.47565706e-02  1.58706173e-01
  3.30289826e-02 -4.37121503e-02 -7.07375407e-02  1.84579547e-02
 -5.56228198e-02  1.72620993e-02 -1.83240883e-02  3.01775690e-02
 -7.19217071e-03  3.02460566e-02  7.75993709e-03 -2.40243580e-02
 -3.23310718e-02 -5.74834421e-02 -5.82195492e-03  5.89263029e-02
  6.47475850e-03  1.74373351e-02 -4.07294221e-02  1.58323359e-03
 -5.23192175e-02 -3.35011669e-02 -1.22308377e-02  6.00383207e-02
 -5.48638329e-02  6.20727078e-04 -2.49452945e-02  2.17890162e-02
 -6.86365366e-02 -8.23890138e-03  1.08723836e-02  2.50830594e-02
  6.53599529e-03 -7.56968977e-03 -9.03229043e-03 -3.01180314e-02
  2.08000131e-02  6.66609481e-02 -1.29396198e-02 -2.14826949e-02
 -4.93505830e-03  2.74064839e-02 -3.85267362e-02 -4.85001225e-03
 -4.49574292e-02 -4.02454175e-02  5.63224442e-02  1.07106656e-01
 -8.49061087e-02  5.26927970e-02  4.46100384e-02  4.82094176e-02
 -2.21787300e-02  8.65518488e-03 -2.72090803e-03  1.57704130e-02
  1.15683347e-01 -1.38739124e-02  2.26813089e-02  2.60439406e-33
  3.70033481e-03  1.19917644e-02 -1.00110270e-01  4.58148047e-02
 -4.08265702e-02  5.97764552e-02  2.99233794e-02  4.89939526e-02
 -4.02080901e-02  4.43999283e-02 -6.48405477e-02  3.62000540e-02
 -6.55038701e-03 -2.54101995e-02  1.94473267e-02  3.62405330e-02
  3.43707986e-02 -1.20870784e-01  3.39335576e-02  9.54305083e-02
  1.41799450e-02 -6.24451078e-02  4.97228242e-02 -6.99212253e-02
  4.93327193e-02  1.96000887e-03 -5.18179499e-02  3.48081402e-02
  3.84486206e-02  4.56871092e-02 -3.34604904e-02 -1.49033815e-02
  1.11846142e-01 -4.29854169e-03  1.93982311e-02 -6.68419078e-02
  3.32796760e-02  1.80534460e-02  1.50449742e-02 -1.01723047e-02
  1.78915635e-02 -6.57241652e-03 -1.06197605e-02 -3.97714488e-02
 -3.49485204e-02  2.03821659e-02  2.67123077e-02  2.24048495e-02
 -1.96206328e-02  8.14409852e-02  3.20736505e-02 -4.68173809e-02
  3.91992219e-02 -8.43450204e-02  3.10121309e-02 -1.09891770e-02
  1.95377450e-02  2.12157518e-02  6.36385195e-03  2.52374937e-03
  1.29619343e-02  1.57666743e-01 -1.07257962e-01  3.91098522e-02
 -8.24294146e-03  8.41469392e-02  2.71585453e-02  4.82431836e-02
 -2.93054041e-02  2.71125622e-02 -1.02144301e-01 -4.89989482e-03
  6.13607503e-02 -1.25708850e-02  4.33589295e-02 -3.23836543e-02
 -1.36367425e-01 -4.56391182e-03  5.25777601e-02  5.75398980e-03
  1.19779678e-02  1.68151055e-02  1.02950387e-01  1.00232847e-02
 -3.78995165e-02 -1.44024398e-02 -2.64556725e-02 -6.94321766e-02
  5.36782853e-02  6.03309087e-02  5.40344343e-02 -3.59023213e-02
  4.77225333e-03 -2.88393535e-02  1.69148874e-02 -1.34426751e-33
 -5.57517335e-02  7.68210441e-02 -3.70699540e-02  8.96005258e-02
 -5.91048151e-02 -4.38936614e-02  8.90619159e-02  9.92786512e-03
  3.16639058e-02  7.61266425e-02  1.36503160e-01  2.93811057e-02
 -2.47189086e-02 -6.83016032e-02  1.67599365e-01  1.84801000e-03
 -1.02681726e-01  1.59546863e-02  3.07468418e-03 -8.03189874e-02
  2.96886545e-03  4.31801639e-02 -4.59690690e-02 -1.69221312e-01
  3.07888184e-02 -4.62219827e-02  2.21881624e-02 -2.34670136e-02
  3.35525982e-02 -6.02337904e-02  3.33853927e-03  2.79638916e-02
  3.45146246e-02 -3.49286720e-02  3.55184525e-02  5.30742519e-02
  5.37884422e-02 -1.15095880e-02  3.68619827e-03  4.47854809e-02
 -1.35822436e-02 -1.27129043e-02  4.62371521e-02  1.04241572e-01
  3.97431813e-02 -4.61645313e-02 -1.40196934e-01 -4.01619561e-02
 -1.11691169e-01 -1.54532082e-02  5.65964878e-02  1.77735742e-02
 -3.49633098e-02  1.88889056e-02  1.97438113e-02  1.31229451e-02
 -5.79897575e-02  2.10468508e-02  7.77572915e-02  2.48851534e-03
  2.50371210e-02 -5.61494455e-02 -5.73254861e-02 -1.24531016e-02
  7.15995952e-02  4.93634529e-02 -1.52217923e-02 -6.89827129e-02
  3.30770463e-02  8.29569399e-02  4.29662243e-02 -4.65773232e-02
 -3.00334003e-02 -1.39841780e-01  5.69476336e-02 -4.04784456e-02
 -6.26762062e-02  2.45728809e-02  3.62838432e-02  5.07106930e-02
  1.37812607e-02 -1.24263493e-02  4.03430834e-02 -2.82211658e-02
  7.94666167e-03  6.73764348e-02 -1.50245456e-02 -2.84616882e-03
  4.38868999e-02 -1.01401798e-01 -3.10499351e-02 -3.09877638e-02
  7.12774545e-02  4.97990064e-02  3.57576199e-02 -9.20856902e-09
 -7.84316435e-02 -6.21990338e-02 -8.38307366e-02  5.21296896e-02
  6.65682107e-02  8.61653984e-02 -2.68135685e-02  6.00820500e-03
 -4.96970117e-02  3.40120383e-02 -6.55990168e-02 -5.19093983e-02
 -8.80368948e-02 -3.39919068e-02 -3.08516296e-03  2.10626069e-02
  7.70456530e-03 -1.85662825e-02  3.40648964e-02  6.54342324e-02
  4.22295295e-02 -1.39001356e-02  3.54884192e-03  9.89901647e-02
 -2.31263358e-02 -3.28412428e-02 -5.14768101e-02  7.60377869e-02
 -5.64847067e-02 -1.32315569e-02 -1.50111644e-02 -2.79084072e-02
 -3.22567672e-02  7.66728148e-02 -3.85558195e-02  4.05497253e-02
 -5.28722517e-02  5.70690855e-02  2.76712086e-02 -9.67489406e-02
 -6.96102008e-02 -7.62473559e-03  1.09982491e-02  2.74635348e-02
  1.56755876e-02  4.59870622e-02  5.49646877e-02  3.73657718e-02
 -1.55635979e-02 -2.18952559e-02  4.65347804e-02  2.57196208e-03
 -3.04301549e-02 -2.86008581e-03 -7.36219287e-02  1.80956591e-02
  5.97463436e-02 -4.98349518e-02 -3.73291187e-02 -5.30525111e-02
 -6.63916767e-02  4.01733555e-02  3.47580016e-02 -6.39572889e-02]"
"Basic Wireshark Lua API
wireshark lua api provides various function class help create dissectors. basic explanation examples:","[-2.85008810e-02  4.12809029e-02 -1.36781065e-02  6.37430558e-03
  1.04862079e-01 -1.80169009e-02  3.22220810e-02 -5.70264971e-03
 -4.87400293e-02  1.25869345e-02 -1.31490175e-02 -7.89800063e-02
 -7.40392087e-03  8.13192874e-03 -3.53280194e-02  1.14819864e-02
 -1.87550150e-02  4.22117338e-02  3.18744872e-03 -2.94433557e-03
 -5.32660633e-03 -9.74766724e-03  8.42002395e-04 -2.42131809e-03
  5.52624650e-02  6.43871576e-02 -3.50610800e-02  6.90379143e-02
 -1.54775754e-02  3.29299904e-02  1.14362232e-01 -5.84816188e-02
  5.24315722e-02  4.56529595e-02  3.11757368e-03 -4.83248383e-02
 -6.79787667e-03  5.21759316e-02  6.73144832e-02  1.46684917e-02
 -4.21858451e-04  1.79961640e-02  2.81725507e-02 -1.34680327e-02
 -5.60218208e-02  2.24334113e-02 -3.99460234e-02  1.05773434e-02
 -5.23318024e-03  1.58049446e-02  6.98079530e-04 -4.26858552e-02
  3.79078239e-02  4.90899347e-02 -1.19189546e-02 -4.86929566e-02
 -6.14120252e-02 -1.59346256e-02 -1.74912484e-03 -9.44200717e-03
 -1.30361095e-01  6.87521994e-02  1.20056523e-02 -5.30368090e-02
 -6.30393997e-02  2.69983094e-02 -2.89526153e-02  1.65321827e-01
 -2.36750841e-02 -7.47121498e-02 -1.02881700e-01  1.28329033e-02
 -6.58526942e-02 -2.07480267e-02  3.34954192e-03  9.43452027e-03
  4.66136783e-02 -1.25642761e-03  1.45602673e-02 -4.83596213e-02
  4.16445844e-02 -2.82123629e-02 -1.63045526e-02  6.94423588e-03
 -3.74215050e-03  6.46529719e-02 -5.70240803e-02  2.82805394e-02
  6.14649989e-03  1.40263354e-02 -6.64224476e-02  6.92873746e-02
 -5.32113165e-02 -4.00174297e-02 -3.66673172e-02  3.28425467e-02
 -1.12042055e-02  3.69131304e-02 -5.38136326e-02  7.18412176e-02
  3.05680186e-02  8.39163456e-03 -1.84983050e-03 -1.25463411e-01
 -3.97827476e-02 -2.73752864e-02  1.70064047e-02 -5.59544489e-02
  3.52196023e-02 -8.91368650e-03  5.92698418e-02  3.19401571e-03
 -1.58556383e-02 -4.97300997e-02  6.43150583e-02  1.16265044e-01
 -7.17813820e-02 -1.82313621e-02 -3.34266014e-02 -7.46062696e-02
 -2.41079442e-02  9.83942766e-03 -2.68724523e-02  2.27655303e-02
  1.39653478e-02 -4.21709456e-02  2.21916474e-02  3.23560055e-34
  8.17365199e-03 -6.14845827e-02 -4.87117097e-02  2.62770839e-02
  2.65466496e-02 -6.33710101e-02  6.54672310e-02  2.54807360e-02
  3.40275057e-02 -6.97136894e-02 -4.70537832e-03 -8.12158585e-02
  4.74387445e-02 -1.85007006e-02  8.90734568e-02  7.25005791e-02
 -2.60177962e-02  1.23858266e-02 -5.31963706e-02  4.80189286e-02
  2.30444223e-02 -4.94543277e-02  3.94147784e-02 -2.89417841e-02
 -1.58126689e-02  2.28794385e-02  5.15039824e-03 -3.74823175e-02
  7.70924538e-02  4.11356501e-02 -6.04790635e-02  1.96757764e-02
 -1.74954049e-02  3.34638506e-02  1.13835642e-02  1.81584265e-02
  3.17805149e-02 -1.03418119e-02  2.12919060e-02  3.77156981e-03
 -5.91144413e-02  4.03125137e-02  2.61444021e-02 -4.79904972e-02
  1.65364891e-02 -6.45570755e-02  1.77604668e-02 -4.17401642e-02
  3.17284092e-02  7.69987106e-02 -1.66910309e-02 -3.21952179e-02
  8.16073939e-02 -5.36630154e-02 -5.82758561e-02  1.24649191e-02
  2.69673802e-02 -5.43979816e-02  5.77573329e-02  5.75523265e-02
 -4.47413959e-02  1.35691613e-01  1.47088254e-02 -1.92235988e-02
 -6.06966689e-02  4.37763929e-02 -7.68291112e-03  2.23801546e-02
 -3.68070938e-02  4.09746692e-02 -7.55793303e-02 -5.26347607e-02
 -5.78710549e-02  2.73620561e-02 -2.06214301e-02  2.74160579e-02
 -2.94535775e-02  5.73517159e-02  5.53685501e-02  5.62492944e-02
  1.17579745e-02  5.63462563e-02  6.24182113e-02 -1.98621377e-02
 -7.96404779e-02 -3.01349796e-02 -1.63659807e-02 -4.42576781e-02
 -7.15403855e-02 -4.25079502e-02  3.07187717e-03  3.78254987e-02
  1.08055659e-02 -3.68812196e-02  5.55570200e-02 -2.65542911e-34
  1.08569749e-01 -1.51812928e-02  2.01774179e-03  7.85134211e-02
 -9.59141355e-04 -1.84206869e-02 -3.26234527e-04  3.10603473e-02
 -1.34283975e-01  1.08227171e-01  5.09192096e-03 -2.46123876e-02
 -1.33619770e-01 -6.39211852e-03  1.82888761e-01  3.25485282e-02
  8.99934098e-02 -3.33832726e-02 -4.23051529e-02  2.87665194e-03
 -2.16299715e-03  7.83252344e-02  4.72882167e-02 -1.09590232e-01
  4.48053144e-03  2.10993011e-02  2.57886667e-02  5.85512165e-03
  1.01913340e-01 -7.88241923e-02 -6.97513148e-02  2.72271242e-02
 -4.71866690e-02  3.96970250e-02 -2.44768895e-02 -3.25166108e-03
  3.63252573e-02  5.45276627e-02 -5.87330433e-03  7.40448572e-03
 -3.47723812e-02 -4.35121171e-02 -5.93790133e-03  1.00361608e-01
  6.59866184e-02 -5.10091931e-02 -1.24518469e-01  2.23650527e-03
 -3.01261079e-02  1.80651955e-02  8.35087597e-02 -1.47118848e-02
 -2.09772605e-02 -3.63199413e-02 -1.27985631e-03 -8.85483902e-03
  1.22182043e-02  3.51173840e-02  1.44530684e-02 -4.47270386e-02
 -3.08054092e-04  1.29945269e-02  2.88185687e-03 -2.53498405e-02
  1.06938696e-02  8.27672854e-02  3.95489298e-02 -7.81749785e-02
 -2.46471670e-02  1.69636570e-02  1.25537149e-03 -9.31959599e-02
  1.77406910e-04 -1.57047316e-01 -2.70178802e-02 -9.18053742e-03
 -4.52100672e-02  6.98898360e-02  7.52990879e-03  6.82191551e-02
  9.37033296e-02 -4.95832860e-02 -2.70962734e-02  3.04703824e-02
  5.68596795e-02 -3.82011905e-02 -3.66968252e-02  2.34100949e-02
  4.31675697e-03 -4.94455434e-02  1.79995168e-02  2.85517555e-02
  4.20659855e-02  6.57712016e-03  5.71563542e-02 -7.94965160e-09
 -6.11533411e-02 -1.57989953e-02 -8.20658728e-02  3.55451629e-02
 -6.42875507e-02 -4.74530272e-02  6.18019095e-03  1.44845406e-02
 -5.34931347e-02  1.44897206e-02  8.80501270e-02 -1.06523158e-02
  4.99223880e-02 -1.87886301e-02 -1.98920928e-02 -5.26858941e-02
  2.67193150e-02 -1.67002100e-02 -7.06030801e-02  1.60776898e-02
  5.24121448e-02  2.90790908e-02 -4.34332937e-02 -6.12403899e-02
 -1.84721183e-02 -2.20338143e-02 -5.76732913e-03 -9.84067656e-03
 -3.02057732e-02 -1.16877280e-01 -5.25925681e-03  1.98685527e-01
  3.61368172e-02 -1.49930315e-02  2.34912559e-02  6.08169474e-03
 -1.36140073e-02 -3.56625170e-02  5.92052517e-03  5.06419502e-02
 -6.38973713e-02  3.79352085e-02  3.05177039e-03  7.88933784e-03
 -8.11159015e-02  3.50453332e-02  3.76336426e-02 -1.85963288e-02
 -2.09576786e-02 -4.43082862e-03 -4.37319092e-02 -5.62323257e-03
  6.12691455e-02  3.85373458e-02 -1.90354642e-02 -3.33783426e-03
  5.98419551e-03 -7.22880960e-02  7.73485899e-02  3.07593513e-02
  1.65954456e-01 -7.42991865e-02 -1.07603796e-01  1.40337378e-01]"
"1. **Proto**
`proto` class used define new protocol.

```lua
local my_proto = proto(""myproto"", ""my custom protocol"")
```","[-8.10868368e-02  9.08596590e-02 -7.87792160e-05  1.98506229e-02
 -2.82853004e-02 -6.44090772e-02 -1.44369267e-02 -1.74269564e-02
  1.23075722e-03 -9.32160008e-04  2.26861611e-02 -2.22635325e-02
 -7.30593642e-03 -2.50443313e-02  5.61186112e-03  7.42959827e-02
 -4.51649949e-02  7.28544891e-02 -1.93090141e-02 -3.86674143e-02
 -1.27475604e-01 -1.03376582e-01 -6.82229549e-02  9.35588207e-04
 -4.92457151e-02 -1.19306929e-02  4.95041646e-02  3.32966931e-02
 -1.84751619e-02 -1.82684287e-02  4.41060867e-03  5.78748807e-02
 -3.17319892e-02  3.86942066e-02 -1.02285795e-01  2.91678198e-02
 -8.75408005e-04 -2.69261580e-02 -5.30877057e-03 -4.37342599e-02
 -8.79971124e-03  8.61134939e-03 -7.87825976e-03 -3.42081375e-02
 -3.08783706e-02  4.70446721e-02 -3.48017439e-02  2.44629830e-02
  4.70344722e-02  3.07718515e-02  1.36784939e-02  3.91519740e-02
  1.28239924e-02  8.09694007e-02  2.85925865e-02  3.74749452e-02
 -2.80582327e-02  1.85047998e-03  9.43749249e-02  9.25178267e-03
  1.89100690e-02 -5.73706988e-04  5.08063771e-02  5.42618670e-02
  8.35054144e-02 -3.13612968e-02  7.07143992e-02 -3.02548911e-02
  7.66947418e-02 -3.63281928e-02 -2.24124175e-02 -2.40236036e-02
  2.76687834e-02  1.05210155e-01 -4.62794974e-02 -2.37128887e-04
 -3.09545459e-04  4.61503491e-02 -1.83956269e-02 -1.45892486e-01
 -5.08854911e-02 -1.61635503e-02 -4.73302156e-02  6.26019388e-02
 -5.14938571e-02 -3.01148258e-02 -4.82707694e-02 -1.69276297e-02
  3.25325280e-02  5.64275384e-02 -4.15464789e-02 -3.86121012e-02
  1.24379890e-02 -5.16877882e-02  1.90636497e-02  1.67986788e-02
 -3.71598639e-02 -2.89197662e-03 -1.02276571e-01  1.70244742e-02
 -4.11115773e-02 -1.14974253e-01  1.57507341e-02 -2.67941169e-02
 -2.98804753e-02 -4.42370139e-02 -3.15252468e-02 -8.37362260e-02
  2.07032282e-02  7.14387596e-02 -2.80716028e-02 -1.48092825e-02
  2.53498163e-02 -2.92756055e-02  4.30734009e-02  1.23291604e-01
  3.64578748e-03 -3.18714119e-02 -1.96357779e-02 -2.05694959e-02
  3.80520113e-02 -4.76525910e-02  1.58651713e-02 -1.39887696e-02
  8.89449120e-02  3.08839940e-02  6.23277575e-02  3.12084493e-33
  3.82799446e-03 -4.17107344e-02 -2.37085577e-02 -2.37920266e-02
  6.73867157e-03 -3.63344476e-02  1.18499219e-01  3.60477157e-02
 -3.11303418e-02 -5.95004819e-02 -1.06657567e-02  6.55162381e-04
 -4.05964954e-03  1.34063419e-02  4.88142222e-02  4.01984341e-02
 -3.03875227e-02  4.86856103e-02  4.03310619e-02  4.47181948e-02
  6.70522302e-02 -6.53925315e-02  7.25022703e-03 -2.90178191e-02
  4.27735709e-02  2.58137602e-02 -5.00079803e-02  4.46275137e-02
 -3.62664051e-02 -2.69859061e-02 -1.39367022e-02  6.88555697e-03
 -3.81679237e-02  7.23049194e-02 -2.99522784e-02 -4.28795069e-02
 -2.01305356e-02 -8.08930993e-02 -1.99693255e-02 -1.69366468e-02
 -4.97536063e-02 -5.25225885e-02 -3.30616757e-02  4.51380294e-03
  2.46915892e-02  5.38193956e-02 -6.19649589e-02  2.31009489e-03
  1.23629551e-02  3.59800979e-02 -4.97859083e-02 -5.62021174e-02
 -2.69986261e-02  1.69025324e-02 -6.51196092e-02 -1.40426643e-02
  3.95130803e-04 -8.98414350e-04  6.88121244e-02  7.10425433e-03
 -1.27892168e-02  8.32072347e-02 -1.09028229e-02  4.56379578e-02
  1.51998680e-02  4.19721426e-03  8.22206680e-03 -1.11997221e-02
 -4.26920392e-02  2.12060660e-02  2.29557771e-02  3.86485532e-02
  3.18510570e-02  1.34252548e-01  2.33540852e-02  2.84169316e-02
 -6.05136305e-02  7.27293938e-02 -4.30061892e-02 -3.14773545e-02
  6.34349957e-02 -3.53838205e-02  2.13897340e-02 -6.60678074e-02
 -6.59765899e-02  5.10690212e-02 -2.68180352e-02 -5.71384886e-03
 -1.60026476e-02  1.30990315e-02 -1.60569549e-01  1.25338128e-02
 -8.41456279e-02 -9.26576462e-03 -3.41877230e-02 -4.09021488e-33
 -4.40859199e-02  4.54480611e-02  5.87212071e-02  1.48817658e-01
  1.15055572e-02  5.38333096e-02 -9.08351094e-02  4.76074964e-02
  3.27984765e-02  4.35165912e-02  6.83044875e-03  2.26185191e-02
  1.02183737e-01 -2.51130760e-02  1.32769525e-01 -1.60501606e-03
 -5.75056635e-02  5.25326766e-02  1.32037641e-03 -3.46438810e-02
 -6.05686940e-02 -3.99262682e-02 -2.98337415e-02  3.64920311e-02
 -4.45464104e-02 -8.24916661e-02 -7.25679919e-02  6.06738254e-02
 -4.01022099e-02 -5.97162992e-02 -5.09170406e-02  6.74836040e-02
 -6.57893419e-02  4.52865884e-02  4.72808704e-02 -1.07431695e-01
  4.33523059e-02 -1.18169729e-02  5.27965091e-03 -4.75708246e-02
  3.94584164e-02 -4.23894152e-02 -9.22382772e-02  8.96230340e-02
 -2.55704522e-02 -9.69774723e-02  8.60647578e-03  6.98418990e-02
  1.67546105e-02  1.33827189e-02  1.02240853e-01 -3.77372093e-02
  4.32899743e-02  7.59309456e-02 -3.70093249e-02  1.52617961e-01
  2.74232961e-02  3.64866480e-02  1.80615596e-02  5.30831069e-02
 -3.43742110e-02 -1.16085880e-01 -1.89083647e-02  5.97173460e-02
  3.04272529e-02  1.93134956e-02  5.06371073e-02 -3.89309996e-03
  3.40971467e-03 -4.42660525e-02  7.32944906e-02 -5.61854988e-02
 -3.03065148e-03  3.67190922e-03  4.23190296e-02  3.15783992e-02
 -5.56051955e-02  6.03020340e-02 -4.86908518e-02 -2.49835532e-02
 -4.24747542e-02 -1.48822479e-02  1.19695207e-02 -1.58414780e-03
  1.07192881e-01  1.06042409e-02  4.73246127e-02  8.06330070e-02
 -1.63343940e-02 -5.49159423e-02 -3.05959284e-02 -5.22355037e-03
 -4.14227173e-02  8.23679864e-02  4.44533415e-02 -1.27649660e-08
 -5.54424934e-02  4.92684580e-02 -1.83357403e-01  2.15738136e-02
  6.15002168e-03 -7.17666969e-02 -3.78224254e-02  4.31868061e-03
 -2.80798301e-02 -1.86292958e-02  1.06762461e-01 -2.46815812e-02
 -5.81590161e-02  4.53767106e-02  7.62662739e-02 -2.35832706e-02
  3.35486308e-02  4.77199145e-02  2.55601369e-02 -1.26731396e-02
  1.00495420e-01 -8.84320354e-04 -2.56490968e-02  5.50399767e-03
  5.87290851e-03 -2.55341884e-02 -3.76838148e-02  2.94229332e-02
  1.02015464e-02 -8.83414131e-03  2.53912136e-02 -2.91525275e-02
 -3.69749591e-02 -2.98430528e-02  1.20345376e-01 -6.40807441e-03
 -1.20974816e-01  1.59672201e-02 -1.25138694e-02  7.48956949e-02
 -8.58006999e-03  1.84631143e-02  2.14856379e-02 -4.49172314e-03
 -1.74699470e-01 -1.27014210e-02 -2.07471214e-02 -1.91730671e-02
  3.17884085e-04  2.45859977e-02 -2.81306356e-02 -2.92560365e-02
  9.40491166e-03 -5.35166496e-03  5.58965094e-02  6.71071419e-03
 -2.97015198e-02 -5.36228232e-02  2.01471243e-02 -7.32402550e-03
 -1.24143884e-02  3.31657156e-02 -6.07333705e-02  1.07088968e-01]"
"2. **Dissector**
`dissector` function define dissect protocol data.

```lua
function my_proto.dissector(buffer, pinfo, tree)
pinfo.cols.protocol = my_proto.name
local length = buffer:len()

-- create display tree
local subtree = tree:add(my_proto, buffer(), ""my custom protocol data"")

-- add field tree
subtree:add(buffer(0, 1), ""field 1: "".. buffer(0, 1):uint())
subtree:add(buffer(1, 2), ""field 2: "".. buffer(1, 2):uint())
end
```","[-3.77262682e-02  1.04149655e-01  5.92596717e-02  3.85145433e-02
 -3.80362310e-02 -4.29939330e-02 -7.49471337e-02  2.14872099e-02
  2.03214195e-02 -1.47435041e-02 -7.39910034e-03  3.00183296e-02
 -6.32250234e-02 -3.29104103e-02 -2.55470574e-02  4.31037135e-02
  7.27551654e-02 -8.01008847e-03 -4.87795062e-02 -5.98685369e-02
  4.11350094e-02  2.17063185e-02 -3.20886485e-02 -2.83489246e-02
 -2.69218404e-02  7.07398430e-02 -3.59914526e-02  1.46844191e-02
  1.54544577e-01 -2.84098201e-02  1.00912772e-01 -1.23726368e-01
  6.55711517e-02 -2.17611529e-02 -6.19510598e-02  8.52596387e-02
  1.01679824e-01 -3.88443470e-02  4.42405976e-02 -3.37376483e-02
 -4.13577333e-02  9.71055706e-04 -2.26526093e-02  9.82380379e-03
 -5.95505871e-02 -2.73107942e-02 -2.67800549e-03  2.54734587e-02
 -2.49552950e-02  2.56136842e-02 -2.50683483e-02 -8.44590887e-02
 -2.52455492e-02  1.98069531e-02 -7.92648457e-03 -2.45418996e-02
 -1.14950947e-02 -4.95289415e-02  2.04765871e-02  6.89260885e-02
 -1.20687149e-01  9.07388180e-02 -1.53724635e-02 -2.47395914e-02
  5.12204878e-02  5.53254317e-03  2.65032910e-02  3.82567905e-02
  4.67802174e-02  1.48220649e-02 -1.52496446e-03 -5.80074498e-03
 -7.72597790e-02 -3.85808758e-02 -6.07327372e-03 -5.99440746e-02
 -6.75253719e-02 -7.73361027e-02  5.27192317e-02  3.05976570e-02
  4.76777107e-02 -8.24496225e-02 -2.00725943e-02  8.78908578e-03
  9.32730660e-02 -4.91879731e-02  4.92588803e-03 -6.25133291e-02
 -7.11511597e-02 -5.85724115e-02  7.71890283e-02 -3.09668423e-04
  3.16813402e-02  1.63704716e-02  1.39892012e-01 -5.30101135e-02
 -5.92563534e-03 -5.29859848e-02 -3.84006426e-02  1.44639015e-02
 -3.23890820e-02  1.99510753e-02  3.18549052e-02  1.97084919e-02
 -1.21717528e-02 -5.74624725e-02  3.23236287e-02  9.07280445e-02
 -3.73874865e-02  8.52139574e-03 -4.54563424e-02 -3.56747694e-02
 -6.95008561e-02  7.15090754e-03 -3.14761586e-02  4.20600176e-02
 -8.24076030e-03  6.69849664e-02 -7.73328245e-02 -3.21574360e-02
 -6.11464679e-02 -7.12478952e-03 -3.07730883e-02  3.19110118e-02
  7.56296962e-02 -5.25056347e-02  2.44843848e-02  2.40386528e-34
  7.53251044e-03 -5.47795296e-02  1.35906534e-02  7.07318187e-02
 -3.35227214e-02 -8.77287425e-03  5.01899198e-02 -5.63357957e-03
 -1.99468657e-02  9.62521732e-02 -7.17464536e-02  1.38813183e-01
 -2.64115576e-02 -1.22849746e-02  7.58379027e-02 -7.62969851e-02
  6.89137354e-02 -4.38977927e-02  1.24122892e-02 -1.19304359e-02
  2.89902389e-02  9.01196897e-03  2.76780280e-04 -5.14942482e-02
  3.53870308e-03  3.30245197e-02 -6.25027763e-03  3.47187817e-02
  3.68295312e-02  9.12967790e-03 -9.51159969e-02 -2.98029706e-02
  3.51013280e-02  5.44442944e-02 -3.88350487e-02 -3.34085971e-02
 -1.68206133e-02 -1.21284813e-01  7.55645111e-02  3.32626998e-02
 -1.64110027e-02  1.12863537e-02 -3.11647002e-02 -5.52229621e-02
 -5.31190559e-02  7.08885118e-02  9.39841568e-03 -2.46948823e-02
 -2.88544074e-02  6.25825138e-04 -5.19789942e-03  8.02454818e-03
 -2.91202478e-02 -2.87740175e-02 -2.08776277e-02 -8.02049413e-03
  5.23501337e-02  1.28170133e-01  2.85325795e-02  6.18614554e-02
 -1.90952737e-02  9.69850495e-02 -9.83280018e-02  5.11708930e-02
  3.19707021e-02 -1.16498083e-01  1.83673203e-02  4.57022227e-02
 -4.10680734e-02  3.70853804e-02 -2.36288495e-02 -2.55759191e-02
  1.29896477e-02 -5.50955944e-02  4.00244743e-02 -2.24180091e-02
  9.62741002e-02 -2.89497734e-03  1.72987115e-02  1.20707517e-02
 -1.28459394e-01  1.58464059e-03  7.55519718e-02  4.80384715e-02
  7.78972218e-03 -1.58248711e-02 -4.80736420e-02 -7.55139887e-02
 -1.14415791e-02  2.73042154e-02  7.76653737e-02 -2.91494858e-02
  8.87719821e-03 -9.47136283e-02 -1.05235331e-01  1.19921289e-33
  3.76308598e-02 -2.67880987e-02 -6.40452001e-03  7.98230916e-02
  3.24041657e-02 -3.57882828e-02 -5.47413714e-02 -5.29688671e-02
 -6.54235333e-02 -9.92793404e-03  8.72330889e-02  1.19486628e-02
  2.49129371e-03 -3.11079826e-02  1.81185201e-01  1.40186474e-02
 -5.76249883e-02 -2.75015887e-02 -4.42433618e-02 -5.88902421e-02
  7.53815174e-02  5.85909784e-02  6.34132698e-02 -1.31237488e-02
 -2.64965389e-02 -1.25423018e-02 -1.16907926e-02 -9.26732738e-03
  5.50775230e-02  4.10398282e-02 -6.08143695e-02  2.93818340e-02
  7.96610788e-02  3.51775065e-02  8.86708591e-03 -1.26633337e-02
 -1.57570485e-02  1.87916793e-02 -2.78402329e-03  2.69394629e-02
  2.21603736e-02  3.57431956e-02 -3.66716944e-02  7.04315007e-02
  8.25212896e-03 -1.69481691e-02 -5.44835441e-03 -7.83904940e-02
  1.02384230e-02 -7.40188919e-03  1.33408569e-02  2.07352582e-02
 -9.29012746e-02  9.16338041e-02  1.33085949e-02 -1.35224871e-03
  1.18627764e-01 -6.50519803e-02 -9.76179764e-02  2.85164993e-02
 -4.78455238e-02 -4.84313816e-02 -2.55527478e-02  9.07579511e-02
  4.61536683e-02  2.79171262e-02 -1.56348106e-02 -2.84729507e-02
 -2.51646638e-02  5.84616326e-02 -6.12444617e-02  8.58305488e-03
  6.92904815e-02  4.08291742e-02  3.02478988e-02  1.42071676e-03
  2.40496956e-02  9.23237018e-03 -3.77712809e-02  6.55348375e-02
  6.22072108e-02  7.03120679e-02  3.55346687e-02 -9.56752077e-02
  5.78208268e-02 -1.83789693e-02 -2.51369625e-02  1.23064332e-02
  2.04065423e-02 -2.95778085e-02  2.19311789e-02  1.92621332e-02
  4.26487029e-02  2.38730628e-02  1.75083801e-02 -7.06018044e-09
 -1.14324139e-02 -2.11230032e-02 -2.16137748e-02  8.72353557e-03
  7.72563815e-02 -9.75034665e-03  1.12056276e-02  2.64880136e-02
 -4.93445285e-02  1.07765310e-02  4.01646644e-02 -6.96324632e-02
  5.46398805e-03  1.73971243e-02  5.74439541e-02  3.35911140e-02
 -4.47015204e-02  1.48401856e-02 -6.63477555e-02 -1.82177257e-02
 -3.25009301e-02 -2.87715681e-02  9.84877124e-02 -5.02081364e-02
 -2.62584388e-02  3.71877216e-02 -1.28196135e-01 -2.04850100e-02
 -1.92190651e-02  1.91322751e-02 -1.16999010e-02  4.96586114e-02
 -4.30827700e-02  3.85890342e-02  1.43010765e-02  5.51932165e-03
 -1.04668796e-01  5.60698584e-02  3.61851370e-03  1.14096440e-02
 -8.80301371e-03  3.74829248e-02  2.68772859e-02  8.58266056e-02
 -4.16928576e-03 -5.29153049e-02 -1.21528413e-02 -3.43310684e-02
  1.12130330e-03 -3.03757610e-03  3.26070637e-02  8.19198787e-03
  6.41403645e-02 -8.37483704e-02  7.09019322e-03  1.19777597e-01
  1.60567909e-02 -3.60406563e-02  2.45513842e-02  6.21563243e-03
  1.27524495e-01  3.78041454e-02  9.26781967e-02  2.73224395e-02]"
"3. **Tvb**
`tvb` class used access packet data.

```lua
local tvb = buffer()
```","[-5.23785278e-02  4.06020768e-02  1.76960360e-02 -1.16072642e-03
  2.69765174e-03  1.27251297e-02 -1.49210840e-02  4.62927902e-03
 -4.47421744e-02  1.00436900e-02  1.01460889e-02 -1.40978023e-02
 -3.34643759e-02 -1.50335860e-02 -2.56183874e-02  2.50162799e-02
  7.01519474e-02 -3.25584412e-02  1.29085302e-01 -5.83598129e-02
  2.49107201e-02 -8.94129723e-02 -3.40189375e-02 -5.07032946e-02
  2.23564301e-02  9.98738036e-03  5.89206489e-03 -4.57364246e-02
 -9.47281197e-02  4.05498929e-02  1.54136326e-02  8.26907903e-03
  1.28755365e-02 -2.70336261e-03 -3.76086459e-02 -8.38174522e-02
  2.97268690e-03  8.07276834e-03  5.62489405e-02 -3.18206251e-02
  2.46800892e-02  5.15180698e-04 -4.93817031e-02  4.14323285e-02
 -1.30385775e-02 -3.54115739e-02 -3.25768739e-02  7.50145921e-03
  7.07968604e-03 -3.61122191e-02  6.48023114e-02  1.80244427e-02
 -3.68488096e-02  4.21896316e-02  7.73324519e-02 -6.02885894e-02
  3.29950778e-03  4.39591259e-02  4.42412794e-02  6.51059747e-02
 -4.43323143e-02 -1.69013217e-02 -5.78063831e-04  3.58274928e-03
  4.64841835e-02 -6.32773992e-03  6.80815503e-02  1.00512259e-01
 -2.50293612e-02 -2.52477210e-02 -8.21418688e-02  3.63802128e-02
 -7.74362907e-02  4.61746985e-03 -3.17181945e-02  3.65287624e-02
  8.17334652e-02 -2.02361066e-02 -2.48521622e-02 -4.72595580e-02
  2.70474795e-02  1.74794253e-02 -3.46033499e-02 -4.32316959e-02
  2.35387273e-02 -3.41033190e-02 -3.90037596e-02 -5.88305108e-03
 -2.33747717e-02 -2.60119792e-02 -3.25145759e-02  3.27669643e-02
 -9.18635651e-02  1.74408238e-02  5.77081740e-02  3.21063250e-02
 -9.37968493e-02  1.90521292e-02 -1.13708176e-01  4.00709324e-02
  2.38588788e-02 -4.94042486e-02  3.30086648e-02 -4.29225005e-02
 -3.03105675e-02 -3.80271138e-03  7.51343146e-02 -2.56443154e-02
  7.91956205e-03  6.04040138e-02 -3.49070169e-02  4.73395037e-03
 -6.30857125e-02 -7.83914030e-02  1.05312774e-02  2.52683777e-02
 -8.68414864e-02  5.80854751e-02  3.63778323e-02  6.35318980e-02
 -5.58355451e-02 -2.90416200e-02 -1.01990812e-02  7.85806403e-03
  1.31365970e-01  1.42146014e-02 -1.13018984e-02  4.01331441e-33
  9.04706074e-04 -5.64009771e-02 -8.71772319e-02 -5.56562580e-02
  1.02668405e-01  7.03676278e-03  1.04140386e-01 -6.43951148e-02
 -2.35295240e-02 -7.35073611e-02 -5.04958853e-02  8.43500197e-02
  4.69709486e-02 -2.35564858e-02  3.83499749e-02  6.77075144e-03
  3.39303054e-02 -4.59036976e-02  9.73562524e-02  7.49461204e-02
 -2.96904868e-03 -3.43647785e-02  8.54421034e-02 -4.65446338e-02
 -3.16227786e-02 -8.36917087e-02 -7.86631182e-02 -3.08944862e-02
  1.58514585e-02  1.57300700e-02 -3.98002677e-02 -1.72226969e-02
  1.00940190e-01 -3.19508687e-02  1.55578218e-02  1.98551454e-02
 -3.75718949e-03 -1.14326598e-02  1.14038587e-02 -1.34835839e-02
 -3.68451923e-02 -1.31127087e-03 -3.60358134e-02 -1.05317624e-03
 -6.29459023e-02  2.22253483e-02 -4.55955276e-03  2.53097191e-02
 -4.58775408e-04  6.98068812e-02  2.02668700e-02 -1.15077533e-02
  4.96932082e-02 -4.15312238e-02  6.98714182e-02  2.66207531e-02
  3.75652909e-02  2.00709980e-02  7.84216076e-02  4.36040722e-02
 -1.63668748e-02  5.71183451e-02 -4.32776883e-02  6.32335246e-02
  5.16260639e-02  2.68041249e-02  1.48152746e-02  4.07439880e-02
  7.34846964e-02  1.56344995e-02 -2.45218538e-02 -1.57527588e-02
 -6.54194430e-02 -3.73872742e-02 -2.41954867e-02 -3.00909416e-03
 -1.85922146e-01  3.08695193e-02  1.56030199e-02  8.76300782e-02
  1.33456308e-02  1.55444052e-02  5.86092845e-02  2.76632067e-02
  2.52748257e-03 -4.21701148e-02  1.09681515e-02 -1.64001342e-02
  4.01270241e-02  7.85501152e-02  6.60379678e-02 -1.10518308e-02
  6.09669313e-02  4.47211973e-02  1.88255701e-02 -3.16028277e-33
 -3.98281552e-02  8.95162821e-02  1.49763627e-02  7.40751475e-02
 -3.88584584e-02 -4.09600697e-02  5.57718463e-02 -2.73595676e-02
 -9.59691033e-02  7.62717947e-02  1.23922639e-01 -1.22249741e-02
  3.59027945e-02 -3.71967144e-02  1.38249025e-01 -4.19851728e-02
 -3.89955454e-02  2.95877759e-03 -3.12995277e-02 -4.51738350e-02
 -4.19870747e-04  6.66391551e-02 -3.28712650e-02 -4.52492572e-02
  3.19726877e-02 -4.44484167e-02  3.61277349e-02 -1.10055814e-02
 -1.84995891e-03 -2.11638305e-02 -5.08357063e-02  6.99627073e-03
  2.65064165e-02 -3.09560001e-02  6.10912926e-02  9.87786874e-02
  1.11589335e-01 -5.45620769e-02 -4.23020087e-02 -2.32361769e-03
  5.51883988e-02 -4.11221869e-02 -4.17218320e-02  6.18077591e-02
  9.53681301e-03 -6.61105067e-02 -4.83336933e-02  9.47936159e-03
 -1.37757331e-01 -2.60073096e-02  7.87399709e-02  1.30442893e-02
 -3.11279185e-02 -2.42969189e-02  3.46404198e-03  1.27954587e-01
  3.45608629e-02  9.74152051e-03  4.35397550e-02  4.92312461e-02
  6.10820483e-03 -1.14480607e-01  1.67358276e-02  1.13546811e-01
  5.22826016e-02 -2.45410512e-04  1.86288022e-02 -1.88539755e-02
 -3.54773253e-02  1.30235851e-02 -1.29794155e-03 -5.15932143e-02
 -1.96085162e-02  5.24908155e-02  4.00535902e-03 -2.82934606e-02
  2.93832868e-02  9.69852209e-02 -3.32787707e-02 -1.11195855e-02
 -6.57806993e-02  3.53257470e-02 -3.78543101e-02 -6.04759566e-02
  6.12483248e-02  4.87991348e-02  4.15133163e-02  4.05986644e-02
  2.20946167e-02 -2.71836855e-02 -8.02223533e-02 -1.59625523e-02
 -1.40010230e-02  1.71488449e-02 -3.85723426e-03 -1.24050823e-08
 -1.36710435e-01 -3.06832660e-02 -6.34034798e-02  2.46578082e-02
  5.05322441e-02  1.24504954e-01  2.38949582e-02 -3.69372331e-02
 -3.69395204e-02  8.69085789e-02 -2.31868196e-02 -4.06767614e-02
 -1.29516199e-01  1.83075909e-02  4.56766272e-03 -2.83062309e-02
  4.09942344e-02 -5.44473156e-02  3.90856639e-02  4.10783552e-02
  1.18957330e-02 -7.12445155e-02 -4.89848442e-02  1.53031841e-01
 -2.98106950e-02  1.09500410e-02 -2.57825647e-02  8.62210989e-03
 -6.96758628e-02  7.74344942e-03 -3.56171541e-02 -4.29619998e-02
  1.77892558e-02 -5.08449301e-02 -7.40903616e-02  8.88736099e-02
 -1.12876818e-02  2.60649109e-03  5.99334016e-02 -1.58358812e-02
 -1.22838050e-01 -3.61672230e-02  6.95792735e-02 -4.93149161e-02
  6.67809397e-02  1.48983719e-02 -8.10575932e-02  4.27468866e-02
  2.74289511e-02 -2.23417357e-02  2.35701613e-02 -4.55587963e-03
 -9.35697183e-02  2.78608669e-02 -4.19743508e-02 -1.97567679e-02
  3.77964713e-02 -8.89547542e-02 -3.27033340e-03 -2.29593944e-02
 -6.91020936e-02 -2.24371888e-02  3.24340933e-03 -4.12705801e-02]"
"4. **Pinfo**
`pinfo` class contains information packet.

```lua
local pinfo = pinfo()
```","[-3.11825629e-02  3.53342779e-02 -1.87213365e-02  2.04772060e-03
 -2.85534672e-02  3.19217220e-02  1.08176813e-01 -2.57211812e-02
 -5.22954203e-02  3.68142724e-02 -1.15444213e-02 -3.23178731e-02
 -4.79731336e-02  5.17897643e-02  8.06340948e-03  3.48485447e-02
  5.16980104e-02  4.60864790e-02  1.41649023e-01  1.78143978e-02
  2.65341364e-02 -4.41869944e-02 -6.50584623e-02  1.73924807e-02
 -2.95739528e-02  5.76802306e-02  4.16272245e-02 -1.65888667e-02
 -1.00857085e-02  2.67672213e-03  2.65280847e-02 -1.23556852e-02
 -1.68081112e-02  1.53487511e-02 -1.71197783e-02  1.81552265e-02
  1.09868750e-01 -1.68047547e-02 -5.46833165e-02 -3.43928933e-02
 -1.14014689e-02 -3.51114608e-02 -5.97965829e-02 -5.12346113e-03
 -7.19815418e-02 -2.76575629e-02 -8.35651625e-03  2.51230933e-02
 -1.11599952e-01  2.42403727e-02 -9.36973374e-03  2.94276290e-02
 -8.92438460e-03  2.95480993e-02  8.65325183e-02 -8.61770473e-03
 -5.41007668e-02  4.27384898e-02  7.18573406e-02  1.29585108e-02
 -1.04956500e-01 -1.89523436e-02 -9.56906304e-02  5.28641604e-02
  6.90071285e-02 -4.26510721e-02  5.19216107e-03  3.48743685e-02
  2.60795578e-02 -2.20366847e-02 -1.16750322e-01 -3.33117098e-02
 -6.67495281e-02  3.77469547e-02 -8.72908812e-03 -2.84864455e-02
 -1.21222530e-02  3.15841176e-02 -4.59406488e-02 -8.01688284e-02
 -1.07033243e-02 -4.33977507e-02 -2.72069909e-02 -9.12114419e-03
  7.32152611e-02 -6.57942370e-02 -4.07149978e-02 -1.33596342e-02
 -3.21992785e-02 -2.10481435e-02 -4.51809950e-02  4.88225445e-02
 -9.30056199e-02  2.01245267e-02  2.54500061e-02  4.99382466e-02
 -9.70467459e-03 -2.37313062e-02  1.90604907e-02  6.55991957e-02
 -1.76784378e-02 -5.32222353e-02 -7.33034164e-02 -4.97224033e-02
 -1.13371843e-02  9.98161454e-03  1.26184197e-02 -2.70457081e-02
  4.72861016e-03  5.94905652e-02 -3.71039324e-02 -3.72001417e-02
 -8.49592984e-02 -3.64848599e-02 -5.18442467e-02  1.00823864e-01
 -1.10089853e-01  2.84859128e-02  4.25378457e-02  3.15953344e-02
 -5.05336225e-02 -3.27240340e-02  2.22838949e-02 -2.18218584e-02
  7.24242404e-02 -2.43236553e-02  1.36338491e-02  1.88430551e-33
  2.38220915e-02  2.00087614e-02 -9.68348235e-02 -1.02668731e-02
 -5.30036688e-02 -1.93660259e-02  4.95611206e-02 -3.27752791e-02
 -5.00922687e-02 -8.13236088e-02  2.47462653e-03  1.59177594e-02
 -3.11268587e-02 -5.36231883e-03  4.09576204e-03  3.90918888e-02
  3.23430002e-02  6.96867853e-02  4.83554527e-02  4.35175337e-02
  1.87426675e-02  3.79227591e-03  4.48303185e-02 -1.46604842e-02
  3.66217941e-02  3.35886925e-02 -7.30876485e-03 -3.85425165e-02
  1.32431863e-02  3.02083790e-02  3.33476476e-02 -2.16903202e-02
  5.92931770e-02  1.15553001e-02  6.56521320e-02  9.68304724e-02
  3.37143131e-02 -2.57866997e-02  3.07758834e-04 -5.74275367e-02
 -4.80362065e-02 -1.95810962e-02 -5.70635982e-02 -2.13387273e-02
 -5.00052283e-03 -2.16058064e-02 -3.82774626e-03 -4.98114116e-02
 -3.15973274e-02  2.40736231e-02  2.57914942e-02 -4.35518399e-02
  6.92181513e-02 -2.45774090e-02  3.73472236e-02 -4.95084859e-02
  4.02388759e-02  2.52833124e-02  2.75873113e-02  9.73053873e-02
 -4.43463624e-02  1.28214866e-01 -6.05437113e-03 -1.00224577e-01
  7.07054883e-02 -9.41332337e-03 -3.75250205e-02  4.32986096e-02
  5.07920235e-02  5.56482673e-02  2.23718844e-02  7.41162244e-03
  2.13192515e-02  3.73419076e-02 -1.89221632e-02  1.50402142e-02
 -3.85618606e-03  3.71625717e-03  8.39109719e-02  7.63048753e-02
 -7.81071186e-02 -2.82976832e-02  9.76437554e-02  9.11928862e-02
 -5.14753610e-02 -4.37906906e-02 -5.23823686e-02  6.36521950e-02
  5.37163243e-02  1.74689833e-02  5.54264300e-02 -4.92239892e-02
  3.33256237e-02  2.54613534e-03  6.06713407e-02 -1.29306638e-33
  6.73219040e-02  9.50471088e-02  2.72144694e-02  1.01622179e-01
 -6.84520602e-02 -2.98245177e-02  3.49848904e-02 -3.24471126e-04
  2.27627326e-02  5.10355197e-02  5.58237620e-02 -3.65086063e-03
  5.88937104e-02 -6.52278140e-02  1.27950102e-01 -3.66136022e-02
 -4.71105464e-02 -1.54549340e-02 -1.32694347e-02 -2.77913269e-02
 -1.18705153e-03  6.18198887e-03 -6.32683039e-02 -6.91796541e-02
  5.87371476e-02 -1.79876443e-02  1.03195876e-01 -1.02942005e-01
  7.18256161e-02  2.57408675e-02 -6.68174122e-03 -5.04184514e-03
  6.27206219e-03 -4.53603268e-02  4.79385024e-03  4.31123525e-02
  2.56108753e-02  2.82742195e-02 -4.02802043e-02 -5.25068380e-02
  7.71108046e-02 -2.09859181e-02 -4.45410460e-02  1.10419370e-01
  8.19579139e-02 -8.95585641e-02  3.11742071e-02  6.87079355e-02
 -4.92350869e-02 -2.34392248e-02  1.42790034e-01 -7.98737817e-03
  3.84934656e-02 -7.87840486e-02 -3.28417420e-02  5.47727346e-02
  4.73530442e-02  2.25734171e-02 -9.03243257e-04 -2.39991415e-02
  5.11686243e-02 -7.90743455e-02 -7.69077148e-03  5.51654547e-02
  1.18216954e-01  4.04578075e-02  5.65693062e-03 -1.06779281e-02
  1.72856245e-02 -1.83208648e-03  9.94446054e-02  1.32390084e-02
 -2.50029787e-02  2.80966870e-02  9.44771543e-02 -6.52718544e-02
 -5.08555323e-02  1.26874065e-02 -2.35393271e-02  1.57941774e-01
 -6.29275218e-02  7.97095597e-02  1.20541109e-02 -5.78822345e-02
  1.10963821e-01  9.06190351e-02 -8.48383680e-02  1.96826849e-02
 -1.55355027e-02 -3.00663635e-02  3.28712389e-02  4.87888046e-02
  3.07735037e-02  3.65833566e-02 -1.67273302e-02 -8.52879367e-09
 -8.09714124e-02 -4.03567590e-02 -6.79930160e-03 -1.61974970e-02
  1.11963134e-02  1.51340604e-01 -8.73447210e-02 -9.47130322e-02
  5.22229308e-03  7.65684545e-02 -2.09790114e-02  1.03287864e-04
 -1.01066478e-01 -9.18353796e-02 -6.58272346e-03 -4.21959050e-02
 -2.53702048e-02 -4.07977328e-02 -6.75803795e-02 -2.02327296e-02
  1.00333029e-02 -1.09974574e-02  1.11967605e-02 -1.67255290e-02
  1.15279695e-02 -2.40972582e-02  4.20393050e-03  7.18351752e-02
 -4.27849628e-02 -4.52814437e-02 -1.98145080e-02 -1.25700116e-01
 -2.15269886e-02 -8.73384625e-03 -7.85109624e-02  1.57092698e-02
  1.02015473e-02  1.28588639e-02  2.97705680e-02 -1.03665449e-01
 -5.69675341e-02 -5.69831468e-02 -1.00068664e-02  7.36889150e-03
  2.37495024e-02  4.82857898e-02 -8.67636502e-03  1.21782105e-02
 -3.27123841e-03  3.07001323e-02  1.86147690e-02 -3.24293151e-02
 -7.32509140e-03 -3.79206729e-03 -2.82356385e-02  7.09324107e-02
 -3.17371748e-02 -9.77213979e-02  2.14841384e-02 -2.60228310e-02
 -6.80296421e-02  3.54792993e-03  3.07480618e-02  4.40094387e-03]"
"5. **Tree**
`tree` class used create display tree.

```lua
local tree = tree()
```","[-5.81618249e-02  1.14483461e-01 -4.63367924e-02 -3.86794917e-02
  6.19436465e-02 -2.29046587e-02  6.54887706e-02 -4.86636013e-02
 -3.96400839e-02  1.56610552e-03 -2.79135294e-02 -6.42204210e-02
 -6.10274673e-02  5.08804508e-02 -1.23578168e-01 -2.68818694e-03
 -9.13047269e-02  2.53168959e-02  5.13395555e-02 -7.14487061e-02
 -4.52590659e-02 -4.65673208e-02 -1.88277122e-02 -2.58031860e-02
  8.01283494e-03  8.09485391e-02 -3.24343219e-02  2.91311368e-02
  5.23808971e-02  3.57128084e-02  7.52425492e-02 -3.65675688e-02
  1.00378968e-01  7.07538947e-02  5.80377243e-02 -1.37979444e-02
  2.22971588e-02  1.89155992e-02  4.72411178e-02 -2.57067773e-02
  8.01633950e-03 -1.59558952e-02  3.43710817e-02 -3.15487967e-03
 -2.40356419e-02 -9.14503336e-02 -5.47720045e-02 -1.82592813e-02
 -5.96767403e-02 -2.78019793e-02 -9.84270051e-02  2.15783268e-02
  3.37490365e-02 -4.16780785e-02 -3.11576687e-02  4.45089862e-02
 -2.04028003e-03 -4.17916141e-02  5.66068925e-02 -1.29376519e-02
 -1.31277731e-02  8.59574531e-04  2.42666882e-02  1.13435267e-02
 -2.72895824e-02  2.86747888e-02  7.61728510e-02  9.13824365e-02
  3.38736512e-02  9.09562409e-03 -4.85341437e-02  1.31178414e-02
  5.21069914e-02  3.28804851e-02 -6.38241768e-02 -2.73557031e-03
 -3.82167436e-02  1.91845875e-02  4.82923500e-02 -5.30674495e-02
 -4.08966914e-02 -6.84789345e-02  5.54760844e-02  8.75383057e-03
  2.52286680e-02  9.96307656e-03 -5.63164018e-02 -1.94309596e-02
 -7.55026639e-02  9.00890306e-02  7.42668845e-03 -2.84310915e-02
 -8.34482983e-02 -1.18362643e-02  1.05301917e-01  6.08313177e-03
 -1.11075118e-02 -1.67837311e-02  5.90722859e-02  2.49726810e-02
  1.62310489e-02  4.21893187e-02  3.55817974e-02  2.41973391e-03
 -8.97195339e-02 -1.35764070e-02  1.63550079e-02 -6.07846491e-02
  3.45452549e-03  3.40857096e-02  1.03849405e-02 -2.93557008e-04
  1.72823314e-02  6.71421587e-02  9.80705544e-02  1.00345509e-02
  6.01921137e-03  7.88667053e-03  1.35538343e-03  3.36237364e-02
  1.90485315e-03 -3.30050997e-02  1.48818064e-02  4.12476733e-02
  1.05540618e-01  2.69339588e-02 -6.66299416e-03  2.94046353e-35
 -5.61723486e-03 -1.62058752e-02  1.36543410e-02  2.53670961e-02
 -1.40442088e-01 -5.16511276e-02  1.52509194e-02  1.56297639e-03
  2.23182347e-02  8.13679844e-02  3.32696661e-02  1.64205611e-01
  1.88680608e-02 -4.00048569e-02  5.99861518e-02  9.58466381e-02
 -4.29790877e-02 -1.04604540e-02 -8.83320421e-02 -3.30910622e-03
  2.87859533e-02 -1.10252135e-01  5.78803457e-02 -2.35730037e-02
  7.67645985e-03  4.81928065e-02 -1.39982635e-02  4.14770171e-02
 -5.04130721e-02  7.39252847e-03  6.52653351e-03 -2.75750533e-02
 -2.22362299e-02  2.28065066e-02  6.45740181e-02  3.97489825e-03
  2.64888033e-02  4.36827466e-02 -3.03807165e-02 -2.19116993e-02
 -8.47369954e-02 -8.10412169e-02  1.98949911e-02  1.34708395e-03
 -5.69922253e-02  3.32990289e-02 -9.26870406e-02  5.72293289e-02
  1.46268174e-01  6.53522089e-02  3.67868356e-02 -6.83320612e-02
  3.03580780e-02 -1.15409344e-02  2.62326039e-02  5.95266670e-02
  5.46232332e-03 -2.49358099e-02  4.17631455e-02  6.45700991e-02
 -2.50649210e-02 -6.44269809e-02  2.10331008e-02 -5.53379580e-02
  5.28431349e-02  2.97012329e-02 -8.84093866e-02  1.42798945e-02
  2.40567699e-02  1.03420191e-01 -1.11984044e-01  8.07515532e-03
  3.84457484e-02  4.22862731e-03  7.17304796e-02 -2.88382210e-02
  7.06022372e-03  1.14545375e-01  2.40496825e-02  1.76236536e-02
  5.16093336e-02  9.51103494e-03  9.13555920e-02 -3.25289592e-02
 -6.16538376e-02 -6.16594367e-02  8.42905836e-04 -2.11897008e-02
  6.80802204e-03 -3.52372229e-02 -4.46863286e-02  5.40435389e-02
 -3.69683877e-02 -5.60647547e-02  1.05471816e-02  3.47740547e-34
 -2.76226271e-03 -4.54894453e-02 -1.63606852e-02  2.23679352e-03
  1.89410783e-02 -2.89041491e-04 -3.14644501e-02 -2.02691671e-03
  9.26608071e-02 -2.58344654e-02  3.57870758e-02  5.69287268e-03
 -5.50403222e-02  2.69852076e-02  6.68039247e-02  2.79372465e-02
 -1.12975128e-01 -4.54944782e-02  4.82659228e-02 -7.85350427e-03
  1.15142837e-02  2.24763453e-02  1.06329992e-01 -1.75230369e-01
 -4.83060908e-03  2.42268778e-02  1.19129971e-01 -6.22717068e-02
  5.30253761e-02 -2.89731883e-02 -1.73784923e-02  1.21214408e-02
 -3.42530794e-02 -8.46418610e-04  2.55919918e-02  2.64987629e-02
  1.08166523e-01 -1.81277227e-02  5.82350604e-02  1.39496066e-02
  1.10283261e-02  2.52335556e-02 -1.99910551e-02  2.04826090e-02
  2.37799138e-02  1.22646857e-02 -2.32323352e-02  8.30256045e-02
 -4.30511050e-02  3.76102573e-04  6.94132373e-02  7.71913156e-02
  3.66148278e-02  2.28419639e-02 -2.67018862e-02 -5.00130318e-02
  1.38246074e-01 -1.39666209e-02 -8.98088366e-02  3.18360329e-02
  6.49506003e-02 -6.16213381e-02 -1.94932278e-02  2.71810219e-02
  9.02963951e-02  5.39033860e-03  5.88073507e-02 -6.39662519e-02
 -5.59654087e-02  3.64200436e-02  8.68390203e-02 -1.96148362e-02
 -3.24139334e-02 -1.31588951e-02 -6.08079741e-03 -1.15937768e-02
 -7.87299350e-02  1.84550900e-02 -6.56691380e-03  7.12343454e-02
 -3.74152209e-03  5.07930061e-03  4.57963720e-02 -3.60193886e-02
  2.68582795e-02 -3.32149230e-02 -1.45210698e-01 -2.26704385e-02
  1.15657048e-02 -4.01967727e-02  1.23347598e-03 -2.67279334e-02
 -4.64714356e-02  5.63243777e-03  2.75123268e-02 -7.00439307e-09
 -3.10695008e-03 -8.57614428e-02  5.71867749e-02  1.40346615e-02
 -2.27113888e-02 -8.29997752e-03 -8.23161826e-02  5.39250784e-02
 -3.30985822e-02 -5.49162216e-02  3.14075202e-02  3.72042097e-02
 -1.23372562e-01  8.40730127e-03 -1.30560976e-02  5.17534500e-04
  3.15643400e-02 -3.60622257e-02 -9.71423388e-02 -5.63473515e-02
 -2.23284028e-02  7.14563299e-03  2.64957664e-03  4.04684804e-02
 -3.62271629e-03  3.88782355e-03 -9.59841441e-03  5.56160742e-03
 -4.56146598e-02 -1.12145267e-01 -6.91457745e-03  6.98636323e-02
 -8.90022516e-02 -4.21805792e-02 -2.06941385e-02  3.31171378e-02
 -1.70385074e-02  2.74300855e-02 -5.68380430e-02  1.14610069e-01
 -7.76658282e-02  3.02459169e-02 -3.93523388e-02 -1.65768079e-02
  5.14605679e-02 -2.06042174e-02 -7.66884014e-02  2.02457067e-02
  9.97275263e-02  8.65413249e-03 -1.85134145e-03 -3.35193798e-02
 -1.59934573e-02 -1.10795470e-02 -8.14431384e-02  1.66223049e-02
  4.52929139e-02  2.58326102e-02 -1.80232953e-02  2.51073446e-02
  5.43598980e-02 -6.15118956e-03  5.30481013e-03 -4.37841080e-02]"
"Advanced Topics
comfortable basics, explore advanced topic tcp reassembly, custom file readers, handling pdus tcp streams. useful link get started:

- [wireshark lua/examples - wireshark wiki](https://wiki.wireshark.org/lua/examples)
- [wireshark lua dissector: quick start guide](https://luascripts.com/wireshark-lua-dissector)
- [example: dissector written lua - wireshark](https://www.wireshark.org/docs/wsdg_html_chunked/wslua_dissector_example.html)","[-1.22289985e-01  7.20784664e-02 -2.13552434e-02 -2.77445763e-02
  4.34488431e-02 -8.93222541e-02 -3.22763398e-02  3.58895995e-02
  9.29414108e-03 -4.08561118e-02  1.69672370e-02 -5.09832948e-02
 -4.54532579e-02  4.08601649e-02 -7.58789629e-02  4.87454236e-02
 -3.45823057e-02  1.03192180e-01  2.10699886e-02 -6.50145262e-02
 -4.26533855e-02  2.27667461e-03 -7.52356052e-02 -1.72957163e-02
 -7.63376756e-03 -2.58282050e-02  5.77504411e-02 -3.21870558e-02
  7.24956393e-02  6.54204413e-02  8.91825408e-02 -2.13320646e-02
 -3.14055197e-02  7.05938712e-02 -5.37825823e-02  4.43507694e-02
  5.50336987e-02 -1.77353844e-02 -2.77751423e-02 -4.32939865e-02
 -3.68040130e-02 -2.15471871e-02  1.15317330e-02 -9.08689387e-03
 -6.39827251e-02  2.52866317e-02 -6.28990727e-03 -1.81749871e-04
  1.35282138e-02 -1.78511217e-02 -2.84604877e-02 -1.74957812e-02
 -3.24342325e-02  7.06070736e-02  4.48208116e-02  5.52907735e-02
 -1.77859385e-02 -6.14778548e-02  1.85130872e-02  1.39418785e-02
 -3.11356448e-02  3.39651853e-03  5.82815558e-02  6.85447529e-02
  2.27856413e-02 -6.27857819e-02  6.45215064e-02 -1.14075094e-02
  3.93712223e-02 -7.70878866e-02 -7.26366118e-02  4.04025242e-03
 -1.55098345e-02  1.24901965e-01 -5.96592464e-02 -6.83723837e-02
 -5.06503209e-02  4.72357944e-02  1.41937053e-02 -6.03886805e-02
 -2.10351888e-02 -5.60751557e-02 -2.85673514e-02 -1.56936124e-02
  1.40692899e-03 -1.54875452e-02 -2.13493798e-02  5.85075049e-03
  4.80035778e-05  4.25448157e-02 -8.02437812e-02  1.46290064e-02
  2.99418923e-02 -1.36794699e-02 -2.53049731e-02  4.30547306e-03
  8.12003389e-02  3.56024280e-02  5.36486553e-03 -1.00956252e-02
 -1.08116912e-02 -1.05797559e-01  7.77899995e-02 -3.41412462e-02
 -5.54072000e-02 -8.26758519e-02  3.37584689e-02  3.75604294e-02
  2.68861782e-02  5.38181774e-02 -2.46064784e-03  2.82554254e-02
 -1.36070130e-02 -4.28328104e-02  9.97582972e-02 -1.47356978e-03
 -7.21798241e-02  4.83137928e-02  9.57466066e-02  2.10209494e-03
 -5.32898773e-03 -5.58861624e-03 -2.56911423e-02  5.11513203e-02
  1.17883213e-01 -5.10078808e-03 -2.86895018e-02  2.67606395e-33
 -3.78694125e-02  3.29601020e-02 -5.23137972e-02 -2.98853349e-02
  5.82036749e-03  7.75643578e-03  1.06596239e-01  5.32982498e-02
 -3.00008636e-02 -9.65319723e-02  2.16940753e-02 -8.61345455e-02
 -7.01993108e-02  2.57964600e-02 -5.18795010e-03 -1.05603419e-01
 -1.54562332e-02 -1.53825954e-02 -6.51695356e-02 -2.03710906e-02
  7.08952993e-02 -8.74551386e-02  9.16497968e-03 -1.00916764e-02
 -7.08877714e-03  6.00663200e-02 -3.65054831e-02  3.90964560e-02
  1.47237238e-02 -2.76789926e-02 -1.89223345e-02 -1.59301572e-02
 -1.45169487e-03  3.29137221e-02  3.99292968e-02  9.83910449e-03
 -1.08401217e-01 -6.45656884e-02 -9.53087397e-03 -4.89530750e-02
 -9.58114266e-02 -1.06258951e-02  6.20585531e-02 -3.58874560e-03
 -5.71646402e-03 -7.52709955e-02 -1.08449660e-01  1.24014299e-02
  1.45409899e-02  2.44191661e-02 -6.49853563e-03 -4.03163545e-02
 -8.49333704e-02 -7.59333558e-03  5.39612621e-02  1.24107087e-02
 -5.55823930e-03 -1.27247050e-02  3.59540246e-03  5.83008602e-02
 -6.73653781e-02  1.06013626e-01  1.44767435e-02 -8.39742422e-02
  7.15829954e-02 -9.61921662e-02  2.32930947e-02 -2.13381741e-02
 -4.11866494e-02  7.81888291e-02 -9.18560103e-02  4.09493446e-02
  5.20640127e-02  8.82211374e-04 -6.27507875e-03 -1.67424418e-02
 -7.08043948e-02  2.43512485e-02 -5.06118275e-02 -2.11463626e-02
 -1.75645128e-02 -2.25194041e-02  2.58612931e-02 -2.48511601e-02
 -6.37489706e-02  8.08796287e-03 -2.47794520e-02  2.93293372e-02
  4.86923456e-02  8.58942270e-02 -8.07377473e-02  7.22857518e-03
 -4.87788320e-02 -3.79596949e-02  3.87114920e-02 -4.04478900e-33
  3.59895043e-02  7.93194026e-03  9.07636136e-02  1.74121678e-01
  1.01758838e-02 -9.07901861e-03 -1.99952852e-02  1.08055035e-02
  3.62967886e-02 -1.09927513e-01 -2.70375572e-02  3.47110070e-02
  6.32617250e-02 -1.77336074e-02  1.32422522e-01  3.05577237e-02
 -2.59735715e-02  2.00826190e-02 -3.14697251e-02 -1.40819335e-02
 -7.63733359e-03  4.85609807e-02  3.25526074e-02 -5.37084080e-02
 -7.85982981e-02 -7.77180940e-02 -1.84431914e-02  4.61151376e-02
  7.59092122e-02  2.67233718e-02  2.09546741e-02  4.93253469e-02
  2.34270673e-02 -4.85076420e-02  8.50769132e-03 -5.79965673e-02
  4.49965969e-02  5.73787885e-03  8.57124757e-03 -3.35930437e-02
  8.80200639e-02  2.83746850e-02 -6.65219575e-02  9.43746418e-02
  4.00407612e-02 -2.33921204e-02 -3.04730292e-02 -4.45448793e-02
  3.92407440e-02  2.72285603e-02  5.24280267e-03 -1.76498033e-02
  1.80240795e-02  2.08266941e-03  3.92298447e-03  4.69966680e-02
  9.41092148e-02 -3.92791145e-02 -3.37073691e-02  2.35577933e-02
 -2.08137883e-03 -5.68940938e-02  1.32394088e-02  2.49558222e-02
  1.01170484e-02 -4.96990606e-03  3.69248949e-02  2.87813949e-03
 -8.55241623e-03  9.59480181e-03  9.50357914e-02 -4.40054797e-02
  6.98887780e-02  1.03625990e-01  5.86176291e-04 -3.23464982e-02
 -1.17649540e-01  4.15322296e-02 -7.11451545e-02  2.90109161e-02
 -9.24082026e-02  6.77058101e-02  3.25509235e-02 -8.55840817e-02
 -9.09663644e-03  1.21763125e-02  4.37223837e-02  3.05793565e-02
  2.09650933e-03 -2.04905365e-02 -3.11921779e-02  1.87949166e-02
 -3.03066671e-02  1.52648045e-02 -1.94585621e-02 -1.29242217e-08
 -9.80620682e-02 -6.19570427e-02 -4.75731455e-02 -6.35238960e-02
 -2.86276732e-02 -4.63247113e-03 -4.44314443e-02 -3.73270884e-02
 -2.30624415e-02  3.63893099e-02  1.30346134e-01 -9.71162319e-03
 -6.59380406e-02  1.57947261e-02  1.24240369e-01  1.80420596e-02
  8.07132572e-02  5.21242991e-02  1.11587495e-02  1.83908604e-02
  4.50454690e-02  2.05474757e-02  2.01501083e-02 -8.45085457e-03
 -7.36094918e-03 -5.40764537e-03 -6.27095029e-02  1.36820987e-01
  1.73840914e-02 -9.00539011e-02  3.25845517e-02  7.40093216e-02
  3.88849936e-02 -7.33605996e-02  9.26350206e-02  5.45390211e-02
 -8.22530165e-02  1.64741948e-02  1.20037626e-02  4.64437231e-02
 -1.92836374e-02  9.29082036e-02 -2.37562582e-02  2.44352128e-02
  2.48660371e-02 -8.17614645e-02  1.50470622e-02 -6.69807270e-02
  4.33744527e-02 -5.41838408e-02  2.21404564e-02 -2.74591893e-02
  6.11251406e-03 -5.91192618e-02  1.46571556e-02  8.05138424e-03
 -7.77302310e-02 -6.93825558e-02  5.35574593e-02 -1.62610561e-02
  3.91559787e-02  2.96943798e-03 -7.44513646e-02  5.46954945e-02]"
"Conclusion
creating wireshark dissectors using lua powerful way extend wireshark's capabilities. lua's simplicity wireshark's robust framework, create custom protocol packet analysis gain deeper insight network traffic.","[-7.63296187e-02  4.78674881e-02 -4.15513441e-02  1.00398192e-03
  3.35993543e-02 -4.27178852e-02 -7.74648264e-02  2.63097994e-02
 -3.71892601e-02 -2.63658296e-02 -9.08947177e-03  1.12404479e-02
 -4.43673059e-02  1.09399948e-02 -6.65578544e-02  2.04944126e-02
  5.20195588e-02  1.62293702e-01  1.67214330e-02 -9.24828500e-02
 -1.51390899e-02 -4.67271656e-02 -6.31245747e-02 -4.76985276e-02
 -3.59983072e-02  2.58654878e-02 -1.69465635e-02  1.52664371e-02
  4.80061397e-02  1.32013159e-03 -3.52178887e-03  2.19354145e-02
  2.04386469e-02  2.71604229e-02 -1.31701589e-01 -2.56587509e-02
  7.78601989e-02  3.24067809e-02 -9.90500599e-02 -9.42431539e-02
 -3.63777354e-02  2.10710205e-02 -1.81390457e-02 -2.54215337e-02
 -1.11523457e-02 -4.81683575e-02 -5.08469865e-02  4.47683297e-02
  3.99638563e-02  5.32872835e-03 -2.81857979e-03 -2.60371831e-03
  4.23962995e-02  3.68708484e-02  7.95931667e-02  4.88361605e-02
 -3.68631519e-02 -7.93671310e-02 -4.10835317e-04  6.46866765e-03
 -2.32703723e-02  4.87049818e-02 -4.27430086e-02  1.77033953e-02
 -4.21733037e-02 -2.04198640e-02  4.71340306e-02  4.81252326e-03
  5.18048368e-02 -1.85670093e-01 -1.00401767e-01 -4.67023841e-04
  2.07288959e-03  9.68689770e-02 -2.16824934e-02 -2.43348330e-02
 -5.54262474e-02 -9.39442124e-03 -1.31369056e-02 -4.51780185e-02
 -4.12861630e-02 -1.08403787e-02 -7.35735614e-03  5.27242683e-02
  6.44863322e-02  2.00104862e-02 -1.57215074e-02 -6.26703817e-03
 -1.12311132e-02  2.78154481e-02  1.14160590e-02  8.66287109e-03
 -3.72528806e-02 -6.89986944e-02  4.45712497e-03  6.25498453e-03
  2.90573854e-02 -2.93982625e-02 -5.77210402e-03 -7.48622883e-03
  3.50371050e-03 -3.13938037e-02 -2.96650901e-02 -1.40457854e-01
 -7.28083476e-02 -1.39360964e-01  4.99808565e-02 -1.49215024e-03
  6.59339279e-02  2.40033958e-02 -8.02325178e-03 -9.44444723e-03
 -3.67404260e-02 -9.41471606e-02  7.17810094e-02  7.48411566e-02
  8.25465750e-03  7.01266825e-02  4.62774076e-02  6.28101593e-03
 -1.35061219e-02 -1.48030194e-02  1.95166338e-02  4.00413349e-02
  1.38622358e-01  2.04873439e-02 -2.59405151e-02  6.12516972e-33
  2.40205904e-03  1.80150177e-02 -7.20650479e-02  4.69171442e-02
 -1.35519383e-02 -3.38404402e-02  1.31142000e-02  4.34048614e-03
 -9.70919579e-02  5.02371341e-02  2.25597247e-03  1.17550194e-01
  6.98892446e-03  6.29659966e-02  8.34247544e-02 -4.22631055e-02
 -4.30457667e-02  8.51883516e-02  5.23368567e-02  2.82248855e-02
  8.59944150e-03 -1.32919028e-01  6.43680841e-02 -2.05971301e-03
  5.98940477e-02  3.98912318e-02  5.33385575e-02  5.99732548e-02
  7.46734515e-02 -3.05119324e-02 -6.39138669e-02 -2.83951815e-02
 -6.22066408e-02  6.27703369e-02  6.00175709e-02 -9.36371181e-03
 -7.14443773e-02 -1.29735768e-01  2.68880781e-02  4.23247786e-03
 -2.56143156e-02 -3.16577852e-02  3.46229710e-02 -2.13028360e-02
 -4.47862782e-02 -5.86468633e-03 -1.08498745e-01  4.00761701e-02
  1.66976489e-02  4.17186804e-02  6.70692623e-02 -1.68125145e-02
 -3.53561901e-02  4.23495891e-03 -9.83208418e-03  3.30374613e-02
  7.77745992e-03  1.28107537e-02 -3.19189858e-03  7.57284388e-02
 -5.02031408e-02 -2.77994052e-02 -6.70465976e-02 -5.64700402e-02
  1.20625962e-02 -2.99138986e-02  1.29394894e-02 -1.58173870e-02
 -1.29682291e-02  7.59607181e-02 -1.40975907e-01 -5.83486352e-03
  4.94738147e-02 -2.44507715e-02  3.85956652e-02  3.55730802e-02
 -3.18409577e-02  1.34737056e-04  2.73871794e-02  2.11053137e-02
 -1.32674901e-02 -9.35756341e-02  2.97087431e-02  2.17935611e-02
 -2.90023666e-02 -5.32839494e-03 -7.90711194e-02 -6.34955615e-02
 -2.09924560e-02 -2.49898266e-02 -4.58833128e-02  5.56445718e-02
 -3.53643522e-02  5.84717542e-02 -1.92682724e-03 -8.43683152e-33
  1.03976228e-03 -7.06470534e-02 -3.28927040e-02  1.75214764e-02
  2.48844214e-02 -6.68859705e-02  2.53480896e-02 -3.60619314e-02
  2.51907017e-02 -6.22163638e-02 -3.04150619e-02 -3.31679955e-02
  9.18248482e-03 -1.28314123e-02  5.13335578e-02  6.48556203e-02
 -8.44538137e-02 -1.04776219e-01 -4.20415848e-02  1.57237537e-02
 -7.13360533e-02  6.88366964e-02  9.13989767e-02 -6.40518144e-02
 -8.79505947e-02 -3.42106074e-02 -1.80744622e-02  2.57012192e-02
 -4.40006517e-02 -5.51185720e-02 -3.73583362e-02 -2.00883001e-02
 -2.50787437e-02 -2.25576963e-02  3.06875203e-02  5.68906106e-02
  1.22295685e-01  8.20632949e-02 -3.86358239e-03  5.85541548e-03
  2.18667313e-02  1.98141895e-02  4.06929776e-02  1.36981374e-02
  1.11253969e-02  2.76130643e-02 -5.33184111e-02  3.79000977e-02
  9.98846814e-03  1.95950232e-02  3.33990455e-02  2.86771376e-02
  1.00371446e-02  3.80618195e-03  4.14736802e-03 -3.27536687e-02
  2.81048752e-02 -3.74054499e-02 -1.29884541e-01  4.93717752e-02
 -7.57125914e-02 -5.80619015e-02 -5.25974389e-03  3.30998823e-02
  1.42648946e-02  7.56132752e-02  2.83863787e-02 -6.98190331e-02
 -8.48822147e-02  5.79033121e-02  1.10164441e-01 -8.37221462e-03
  4.88339365e-02  1.90730710e-02  1.96013059e-02  1.35717411e-02
 -3.91556649e-03 -1.02546031e-03 -6.69075102e-02  3.34397741e-02
  3.00257020e-02 -1.10916337e-02  1.02386922e-02 -2.48159152e-02
  4.30243723e-02 -2.18767431e-02  4.33084351e-04  6.25244156e-02
  7.34528294e-03 -9.45459772e-03 -2.72045340e-02  1.15323905e-03
 -3.73556651e-02  7.88193718e-02  3.12157869e-02 -2.20119194e-08
 -5.72910085e-02 -9.54657197e-02 -1.93758588e-02 -2.79963240e-02
 -9.62798595e-02 -7.51339346e-02 -5.76525107e-02 -9.00012068e-03
 -1.89012289e-03 -5.00050932e-02  3.65702398e-02 -2.50032060e-02
 -2.38109264e-03  2.53587347e-02  2.80816332e-02  2.65657846e-02
  6.68523982e-02  2.75425427e-02 -3.23176943e-02 -6.51251152e-02
 -6.85989996e-03 -9.84281767e-03 -3.13579966e-03  5.29092290e-02
  5.91163114e-02 -1.33310193e-02  9.12715774e-03  1.60710126e-01
  2.91835666e-02 -8.22838992e-02  6.55632913e-02  5.49283065e-02
  8.08888078e-02 -3.26583162e-02  3.25604863e-02  7.37652779e-02
 -1.21561587e-01  2.94264853e-02  2.12938176e-03 -7.94158503e-03
 -1.67522151e-02  2.29934193e-02 -7.31621012e-02  2.12123170e-02
 -3.80937159e-02 -5.62864207e-02  1.43502504e-02 -1.54127721e-02
  3.05881836e-02  1.82053149e-02  2.11544428e-02  3.86115722e-03
 -5.34165278e-03 -4.02905047e-02 -4.07743305e-02  1.13937492e-02
 -2.21669208e-02 -6.69228658e-02  7.69736618e-02  7.12890923e-02
  6.52141050e-02  8.78157243e-02  5.45895807e-02  6.51096031e-02]"
